drug_id,compound_name_source,dili_category,scaffold_id,model,mean_probability,minimum_probability,negative_repeats,sensitivity_negative_repeats,repeats,mean_youden_threshold,mean_sensitivity_threshold,convergence_warnings,youden_false_negative_persistence,sensitivity_false_negative_persistence,curation_flags,review_status,resolution_method,identity_adjudication,active_moiety_adjudication,training_context,therapeutic_class
LT01034,Acarbose,vMost-DILI-concern,scaffold:C1=CC(NC2CCC(OC3CCCOC3)OC2)CCC1,A,0.13584638460728415,0.033473030093653,5,5,5,0.7077223306607596,0.6444707699807186,0,1.0,1.0,none,rules-applied-pending-independent-review,exact-name,exact-title-among-candidates,not applicable,Outer-fold out-of-fold prediction; molecule and its chemical group were absent from that fit.,Not available in the locked DILIrank source; no post hoc class was inferred.
LT01345,Ethambutol hydrochloride,vMost-DILI-concern,acyclic:0011,B,0.16794084460703834,0.1429585164603299,5,5,5,0.6867338688801115,0.6408266975859026,0,1.0,1.0,PUBCHEM_ACTIVE_MOIETY_EQUIVALENCE_CONFIRMED,rules-applied-pending-independent-review,exact-name,exact-title-among-candidates,compound-name-suffix-resolved-to-unique-or-exact-PubChem-active,Outer-fold out-of-fold prediction; molecule and its chemical group were absent from that fit.,Not available in the locked DILIrank source; no post hoc class was inferred.
LT00106,Hydroxyurea,vMost-DILI-concern,acyclic:0031,C,0.17146671749464965,0.0941447539782824,5,5,5,0.5426022161169367,0.4560543819028787,0,1.0,1.0,none,rules-applied-pending-independent-review,exact-name,exact-title-among-candidates,not applicable,Outer-fold out-of-fold prediction; molecule and its chemical group were absent from that fit.,Not available in the locked DILIrank source; no post hoc class was inferred.
LT01345,Ethambutol hydrochloride,vMost-DILI-concern,acyclic:0011,A,0.18113652968403232,0.127111328924109,5,5,5,0.6500059042342239,0.6458017978243404,0,1.0,1.0,PUBCHEM_ACTIVE_MOIETY_EQUIVALENCE_CONFIRMED,rules-applied-pending-independent-review,exact-name,exact-title-among-candidates,compound-name-suffix-resolved-to-unique-or-exact-PubChem-active,Outer-fold out-of-fold prediction; molecule and its chemical group were absent from that fit.,Not available in the locked DILIrank source; no post hoc class was inferred.
LT01034,Acarbose,vMost-DILI-concern,scaffold:C1=CC(NC2CCC(OC3CCCOC3)OC2)CCC1,B,0.19296698691238282,0.085593977015103,5,5,5,0.6706480457735486,0.6512175191843599,0,1.0,1.0,none,rules-applied-pending-independent-review,exact-name,exact-title-among-candidates,not applicable,Outer-fold out-of-fold prediction; molecule and its chemical group were absent from that fit.,Not available in the locked DILIrank source; no post hoc class was inferred.
LT00131,Perhexiline,vMost-DILI-concern,scaffold:C1CCC(C(CC2CCCCN2)C2CCCCC2)CC1,D,0.20716356186124765,0.0171233366218983,5,5,5,0.701037533959349,0.5738536123987895,0,1.0,1.0,none,rules-applied-pending-independent-review,exact-name,exact-title-among-candidates,not applicable,Outer-fold out-of-fold prediction; molecule and its chemical group were absent from that fit.,Not available in the locked DILIrank source; no post hoc class was inferred.
LT01345,Ethambutol hydrochloride,vMost-DILI-concern,acyclic:0011,D,0.24028446973490386,0.1158174755222953,5,5,5,0.6291268132649666,0.5327636021602775,0,1.0,1.0,PUBCHEM_ACTIVE_MOIETY_EQUIVALENCE_CONFIRMED,rules-applied-pending-independent-review,exact-name,exact-title-among-candidates,compound-name-suffix-resolved-to-unique-or-exact-PubChem-active,Outer-fold out-of-fold prediction; molecule and its chemical group were absent from that fit.,Not available in the locked DILIrank source; no post hoc class was inferred.
LT00179,Fluconazole,vMost-DILI-concern,scaffold:c1ccc(C(Cn2cncn2)Cn2cncn2)cc1,C,0.25698110606387325,0.1378110274356135,5,5,5,0.5834203884931418,0.46693206397287207,0,1.0,1.0,none,rules-applied-pending-independent-review,exact-name,exact-title-among-candidates,not applicable,Outer-fold out-of-fold prediction; molecule and its chemical group were absent from that fit.,Not available in the locked DILIrank source; no post hoc class was inferred.
LT00106,Hydroxyurea,vMost-DILI-concern,acyclic:0031,D,0.2602740045105577,0.1805279551032755,5,5,5,0.655303057096816,0.5774240298060317,0,1.0,1.0,none,rules-applied-pending-independent-review,exact-name,exact-title-among-candidates,not applicable,Outer-fold out-of-fold prediction; molecule and its chemical group were absent from that fit.,Not available in the locked DILIrank source; no post hoc class was inferred.
LT00280,Busulfan,vMost-DILI-concern,acyclic:0028,C,0.26358415770499005,0.1927181290132281,5,5,5,0.5542798434774634,0.46430591272282246,0,1.0,1.0,none,rules-applied-pending-independent-review,exact-name,exact-title-among-candidates,not applicable,Outer-fold out-of-fold prediction; molecule and its chemical group were absent from that fit.,Not available in the locked DILIrank source; no post hoc class was inferred.
LT01345,Ethambutol hydrochloride,vMost-DILI-concern,acyclic:0011,C,0.2647265154775293,0.1968413046947343,5,5,5,0.5348350652500539,0.4324301450359709,0,1.0,1.0,PUBCHEM_ACTIVE_MOIETY_EQUIVALENCE_CONFIRMED,rules-applied-pending-independent-review,exact-name,exact-title-among-candidates,compound-name-suffix-resolved-to-unique-or-exact-PubChem-active,Outer-fold out-of-fold prediction; molecule and its chemical group were absent from that fit.,Not available in the locked DILIrank source; no post hoc class was inferred.
LT00131,Perhexiline,vMost-DILI-concern,scaffold:C1CCC(C(CC2CCCCN2)C2CCCCC2)CC1,C,0.26619926661799453,0.1203208149984253,5,5,5,0.5146177135971142,0.4461207173130715,0,1.0,1.0,none,rules-applied-pending-independent-review,exact-name,exact-title-among-candidates,not applicable,Outer-fold out-of-fold prediction; molecule and its chemical group were absent from that fit.,Not available in the locked DILIrank source; no post hoc class was inferred.
LT00097,Felbamate,vMost-DILI-concern,scaffold:c1ccccc1,C,0.3088978499135854,0.2928419975839221,5,5,5,0.5491940510918963,0.4380169080256727,0,1.0,1.0,none,rules-applied-pending-independent-review,exact-name,exact-title-among-candidates,not applicable,Outer-fold out-of-fold prediction; molecule and its chemical group were absent from that fit.,Not available in the locked DILIrank source; no post hoc class was inferred.
LT00280,Busulfan,vMost-DILI-concern,acyclic:0028,D,0.30966274109387604,0.2142572586688286,5,5,5,0.6251751027192579,0.5615553405321765,0,1.0,1.0,none,rules-applied-pending-independent-review,exact-name,exact-title-among-candidates,not applicable,Outer-fold out-of-fold prediction; molecule and its chemical group were absent from that fit.,Not available in the locked DILIrank source; no post hoc class was inferred.
LT00160,Valproic acid,vMost-DILI-concern,acyclic:0029,B,0.3109714010338954,0.2527010158160774,5,5,5,0.6942543120906879,0.6550935854898349,0,1.0,1.0,none,rules-applied-pending-independent-review,exact-name,exact-title-among-candidates,not applicable,Outer-fold out-of-fold prediction; molecule and its chemical group were absent from that fit.,Not available in the locked DILIrank source; no post hoc class was inferred.
LT00845,Oxandrolone,vMost-DILI-concern,scaffold:O=C1CC2CCC3C4CCCC4CCC3C2CO1,C,0.3230704929100601,0.2996468785296219,5,5,5,0.5341060762879741,0.4386019462297249,0,1.0,1.0,none,rules-applied-pending-independent-review,exact-name,exact-title-among-candidates,not applicable,Outer-fold out-of-fold prediction; molecule and its chemical group were absent from that fit.,Not available in the locked DILIrank source; no post hoc class was inferred.
LT01139,Atomoxetine hydrochloride,vMost-DILI-concern,scaffold:c1ccc(COc2ccccc2)cc1,C,0.32337031511285386,0.2836940898638013,5,5,5,0.49824860471720295,0.45095794470207,0,1.0,1.0,PUBCHEM_ACTIVE_MOIETY_EQUIVALENCE_CONFIRMED,rules-applied-pending-independent-review,exact-name,exact-title-among-candidates,compound-name-suffix-resolved-to-unique-or-exact-PubChem-active,Outer-fold out-of-fold prediction; molecule and its chemical group were absent from that fit.,Not available in the locked DILIrank source; no post hoc class was inferred.
LT00539,Danazol,vMost-DILI-concern,scaffold:C1=C2CCC3C4CCCC4CCC3C2Cc2cnoc21,C,0.3372873030208254,0.2988973821158701,5,5,5,0.511082827211003,0.4495726346109376,0,1.0,1.0,none,rules-applied-pending-independent-review,exact-name,exact-title-among-candidates,not applicable,Outer-fold out-of-fold prediction; molecule and its chemical group were absent from that fit.,Not available in the locked DILIrank source; no post hoc class was inferred.
LT01139,Atomoxetine hydrochloride,vMost-DILI-concern,scaffold:c1ccc(COc2ccccc2)cc1,D,0.34375719327502313,0.2450771297013171,5,5,5,0.6415644348136967,0.5693189334356844,0,1.0,1.0,PUBCHEM_ACTIVE_MOIETY_EQUIVALENCE_CONFIRMED,rules-applied-pending-independent-review,exact-name,exact-title-among-candidates,compound-name-suffix-resolved-to-unique-or-exact-PubChem-active,Outer-fold out-of-fold prediction; molecule and its chemical group were absent from that fit.,Not available in the locked DILIrank source; no post hoc class was inferred.
LT00416,Minocycline hydrochloride,vMost-DILI-concern,scaffold:O=C1C=CC2C(=O)C3=Cc4ccccc4CC3CC2C1,C,0.34687081624024135,0.2355369062022658,5,5,5,0.5689722443031547,0.4545248005006336,0,1.0,1.0,PUBCHEM_ACTIVE_MOIETY_EQUIVALENCE_CONFIRMED,rules-applied-pending-independent-review,exact-name,exact-title-among-candidates,compound-name-suffix-resolved-to-unique-or-exact-PubChem-active,Outer-fold out-of-fold prediction; molecule and its chemical group were absent from that fit.,Not available in the locked DILIrank source; no post hoc class was inferred.
LT00131,Perhexiline,vMost-DILI-concern,scaffold:C1CCC(C(CC2CCCCN2)C2CCCCC2)CC1,A,0.3495746052094947,0.2970605991203647,5,5,5,0.6841763274116358,0.6492480145390742,0,1.0,1.0,none,rules-applied-pending-independent-review,exact-name,exact-title-among-candidates,not applicable,Outer-fold out-of-fold prediction; molecule and its chemical group were absent from that fit.,Not available in the locked DILIrank source; no post hoc class was inferred.
LT00121,Methyldopa,vMost-DILI-concern,scaffold:c1ccccc1,C,0.3514288269730562,0.2714395238932746,5,5,5,0.5491940510918963,0.4380169080256727,0,1.0,1.0,none,rules-applied-pending-independent-review,exact-name,exact-title-among-candidates,not applicable,Outer-fold out-of-fold prediction; molecule and its chemical group were absent from that fit.,Not available in the locked DILIrank source; no post hoc class was inferred.
LT00179,Fluconazole,vMost-DILI-concern,scaffold:c1ccc(C(Cn2cncn2)Cn2cncn2)cc1,D,0.3521650501308068,0.2065194309984081,5,5,5,0.653400155067061,0.574815084705657,0,1.0,1.0,none,rules-applied-pending-independent-review,exact-name,exact-title-among-candidates,not applicable,Outer-fold out-of-fold prediction; molecule and its chemical group were absent from that fit.,Not available in the locked DILIrank source; no post hoc class was inferred.
LT01097,Voriconazole,vMost-DILI-concern,scaffold:c1ccc(C(Cc2ccncn2)Cn2cncn2)cc1,C,0.3614337697056934,0.3019498153804876,5,5,5,0.49541148158464204,0.4549218725619751,0,1.0,1.0,none,rules-applied-pending-independent-review,exact-name,exact-title-among-candidates,not applicable,Outer-fold out-of-fold prediction; molecule and its chemical group were absent from that fit.,Not available in the locked DILIrank source; no post hoc class was inferred.
LT01263,Milnacipran hydrochloride,vMost-DILI-concern,scaffold:c1ccc(C2CC2)cc1,C,0.3643709340840414,0.2701607025270963,5,5,5,0.536031532756412,0.46645332778760934,0,1.0,1.0,PUBCHEM_ACTIVE_MOIETY_EQUIVALENCE_CONFIRMED,rules-applied-pending-independent-review,exact-name,exact-title-among-candidates,compound-name-suffix-resolved-to-unique-or-exact-PubChem-active,Outer-fold out-of-fold prediction; molecule and its chemical group were absent from that fit.,Not available in the locked DILIrank source; no post hoc class was inferred.
LT02213,Alaproclate,vMost-DILI-concern,scaffold:c1ccccc1,C,0.36613153513694235,0.3284184403745243,5,5,5,0.5491940510918963,0.4380169080256727,0,1.0,1.0,none,rules-applied-pending-independent-review,exact-name,exact-title-among-candidates,not applicable,Outer-fold out-of-fold prediction; molecule and its chemical group were absent from that fit.,Not available in the locked DILIrank source; no post hoc class was inferred.
LT00160,Valproic acid,vMost-DILI-concern,acyclic:0029,C,0.3662568194235093,0.2634236970662325,5,5,5,0.5661175732154502,0.4550667142548672,0,1.0,1.0,none,rules-applied-pending-independent-review,exact-name,exact-title-among-candidates,not applicable,Outer-fold out-of-fold prediction; molecule and its chemical group were absent from that fit.,Not available in the locked DILIrank source; no post hoc class was inferred.
LT00280,Busulfan,vMost-DILI-concern,acyclic:0028,B,0.36640379774685283,0.3176541644596611,5,5,5,0.712330410946356,0.6514274141464693,0,1.0,1.0,none,rules-applied-pending-independent-review,exact-name,exact-title-among-candidates,not applicable,Outer-fold out-of-fold prediction; molecule and its chemical group were absent from that fit.,Not available in the locked DILIrank source; no post hoc class was inferred.
LT00539,Danazol,vMost-DILI-concern,scaffold:C1=C2CCC3C4CCCC4CCC3C2Cc2cnoc21,D,0.36774713233760803,0.304445012939123,5,5,5,0.6404110561136462,0.5571560315744398,0,1.0,1.0,none,rules-applied-pending-independent-review,exact-name,exact-title-among-candidates,not applicable,Outer-fold out-of-fold prediction; molecule and its chemical group were absent from that fit.,Not available in the locked DILIrank source; no post hoc class was inferred.
LT01508,Mebanazine,vMost-DILI-concern,scaffold:c1ccccc1,C,0.37568658226424256,0.3538607247376948,5,5,5,0.5491940510918963,0.4380169080256727,0,1.0,1.0,none,rules-applied-pending-independent-review,exact-name,exact-title-among-candidates,not applicable,Outer-fold out-of-fold prediction; molecule and its chemical group were absent from that fit.,Not available in the locked DILIrank source; no post hoc class was inferred.
LT00112,Labetalol hydrochloride,vMost-DILI-concern,scaffold:c1ccc(CCCNCCc2ccccc2)cc1,D,0.38720764321540224,0.2256570347602107,5,5,5,0.7538003577984986,0.5691594331619403,0,1.0,1.0,PUBCHEM_ACTIVE_MOIETY_EQUIVALENCE_CONFIRMED,rules-applied-pending-independent-review,exact-name,exact-title-among-candidates,compound-name-suffix-resolved-to-unique-or-exact-PubChem-active,Outer-fold out-of-fold prediction; molecule and its chemical group were absent from that fit.,Not available in the locked DILIrank source; no post hoc class was inferred.
LT00416,Minocycline hydrochloride,vMost-DILI-concern,scaffold:O=C1C=CC2C(=O)C3=Cc4ccccc4CC3CC2C1,D,0.39301452465847847,0.3205519090957044,5,5,5,0.6840338730662163,0.5865529839533302,0,1.0,1.0,PUBCHEM_ACTIVE_MOIETY_EQUIVALENCE_CONFIRMED,rules-applied-pending-independent-review,exact-name,exact-title-among-candidates,compound-name-suffix-resolved-to-unique-or-exact-PubChem-active,Outer-fold out-of-fold prediction; molecule and its chemical group were absent from that fit.,Not available in the locked DILIrank source; no post hoc class was inferred.
LT01359,Exifone,vMost-DILI-concern,scaffold:O=C(c1ccccc1)c1ccccc1,C,0.40046664361121864,0.2785483964485216,5,4,5,0.5570014945421725,0.4508551114687508,0,1.0,0.8,none,rules-applied-pending-independent-review,exact-name,exact-title-among-candidates,not applicable,Outer-fold out-of-fold prediction; molecule and its chemical group were absent from that fit.,Not available in the locked DILIrank source; no post hoc class was inferred.
LT01651,Pentostatin,vMost-DILI-concern,scaffold:C1=NCCc2ncn(C3CCCO3)c2N1,B,0.40496184669282487,0.3753582484794082,5,5,5,0.6845362118306293,0.6471737031691711,0,1.0,1.0,none,rules-applied-pending-independent-review,exact-name,exact-title-among-candidates,not applicable,Outer-fold out-of-fold prediction; molecule and its chemical group were absent from that fit.,Not available in the locked DILIrank source; no post hoc class was inferred.
LT02121,Nandrolone phenpropionate,vMost-DILI-concern,scaffold:O=C1C=C2CCC3C(CCC4C(OC(=O)CCc5ccccc5)CCC43)C2CC1,C,0.4068469407452093,0.3453994429015942,5,4,5,0.5275819415701658,0.44769850551124424,0,1.0,0.8,none,rules-applied-pending-independent-review,exact-name,unique-pubchem-name-result,not applicable,Outer-fold out-of-fold prediction; molecule and its chemical group were absent from that fit.,Not available in the locked DILIrank source; no post hoc class was inferred.
LT00112,Labetalol hydrochloride,vMost-DILI-concern,scaffold:c1ccc(CCCNCCc2ccccc2)cc1,C,0.4103770953049389,0.3259948619917827,5,4,5,0.5460504906945647,0.44542716827887396,0,1.0,0.8,PUBCHEM_ACTIVE_MOIETY_EQUIVALENCE_CONFIRMED,rules-applied-pending-independent-review,exact-name,exact-title-among-candidates,compound-name-suffix-resolved-to-unique-or-exact-PubChem-active,Outer-fold out-of-fold prediction; molecule and its chemical group were absent from that fit.,Not available in the locked DILIrank source; no post hoc class was inferred.
LT01222,Tigecycline,vMost-DILI-concern,scaffold:O=C1C=CC2C(=O)C3=Cc4ccccc4CC3CC2C1,C,0.4107251517983229,0.3172923362272664,5,2,5,0.5689722443031547,0.4545248005006336,0,1.0,0.4,none,rules-applied-pending-independent-review,exact-name,exact-title-among-candidates,not applicable,Outer-fold out-of-fold prediction; molecule and its chemical group were absent from that fit.,Not available in the locked DILIrank source; no post hoc class was inferred.
LT01034,Acarbose,vMost-DILI-concern,scaffold:C1=CC(NC2CCC(OC3CCCOC3)OC2)CCC1,D,0.41722193365132754,0.261948689397309,5,5,5,0.7108144646042281,0.5629771431865895,0,1.0,1.0,none,rules-applied-pending-independent-review,exact-name,exact-title-among-candidates,not applicable,Outer-fold out-of-fold prediction; molecule and its chemical group were absent from that fit.,Not available in the locked DILIrank source; no post hoc class was inferred.
LT00187,Clarithromycin,vMost-DILI-concern,scaffold:O=C1CCCCOC(=O)CC(OC2CCCCO2)CC(OC2CCCCO2)CCC1,C,0.4179950699215219,0.3689906424011848,5,4,5,0.516751813355291,0.4419532003168185,0,1.0,0.8,none,rules-applied-pending-independent-review,exact-name,exact-title-among-candidates,not applicable,Outer-fold out-of-fold prediction; molecule and its chemical group were absent from that fit.,Not available in the locked DILIrank source; no post hoc class was inferred.
LT00092,Erythromycin estolate,vMost-DILI-concern,scaffold:O=C1CCCCOC(=O)CC(OC2CCCCO2)CC(OC2CCCCO2)CCC1,C,0.42350220643639336,0.3792761770561109,5,4,5,0.516751813355291,0.4419532003168185,0,1.0,0.8,EXACT_PRODUCT_PARENT_RETAINED_NON_EQUIVALENT_SUFFIX_FALLBACK,rules-applied-pending-independent-review,exact-name,exact-title-among-candidates,compound-name-suffix-resolved-to-unique-or-exact-PubChem-active,Outer-fold out-of-fold prediction; molecule and its chemical group were absent from that fit.,Not available in the locked DILIrank source; no post hoc class was inferred.
LT01323,Efavirenz,vMost-DILI-concern,scaffold:O=C1Nc2ccccc2C(C#CC2CC2)O1,C,0.4256102402874428,0.3930041260439404,5,4,5,0.5619241429805382,0.4492870036894273,0,1.0,0.8,none,rules-applied-pending-independent-review,exact-name,exact-title-among-candidates,not applicable,Outer-fold out-of-fold prediction; molecule and its chemical group were absent from that fit.,Not available in the locked DILIrank source; no post hoc class was inferred.
LT02035,Duloxetine hydrochloride,vMost-DILI-concern,scaffold:c1csc(COc2cccc3ccccc23)c1,C,0.4296357002750325,0.3572466823804387,5,3,5,0.5584011091341555,0.46300192999311546,0,1.0,0.6,PUBCHEM_ACTIVE_MOIETY_EQUIVALENCE_CONFIRMED,rules-applied-pending-independent-review,exact-name,exact-title-among-candidates,compound-name-suffix-resolved-to-unique-or-exact-PubChem-active,Outer-fold out-of-fold prediction; molecule and its chemical group were absent from that fit.,Not available in the locked DILIrank source; no post hoc class was inferred.
LT01508,Mebanazine,vMost-DILI-concern,scaffold:c1ccccc1,D,0.4342928743352653,0.3162533874077789,5,5,5,0.6662180166175714,0.5505540108303971,0,1.0,1.0,none,rules-applied-pending-independent-review,exact-name,exact-title-among-candidates,not applicable,Outer-fold out-of-fold prediction; molecule and its chemical group were absent from that fit.,Not available in the locked DILIrank source; no post hoc class was inferred.
LT00235,Oxymetholone,vMost-DILI-concern,scaffold:C=C1CC2C(CCC3C4CCCC4CCC23)CC1=O,C,0.4398143252176931,0.3772637401905659,5,4,5,0.53739317592531,0.4440393448624998,0,1.0,0.8,none,rules-applied-pending-independent-review,exact-name,exact-title-among-candidates,not applicable,Outer-fold out-of-fold prediction; molecule and its chemical group were absent from that fit.,Not available in the locked DILIrank source; no post hoc class was inferred.
LT02213,Alaproclate,vMost-DILI-concern,scaffold:c1ccccc1,D,0.44067141510778657,0.3002840327885685,5,4,5,0.6662180166175714,0.5505540108303971,0,1.0,0.8,none,rules-applied-pending-independent-review,exact-name,exact-title-among-candidates,not applicable,Outer-fold out-of-fold prediction; molecule and its chemical group were absent from that fit.,Not available in the locked DILIrank source; no post hoc class was inferred.
LT01342,Estramustine phosphate sodium,vMost-DILI-concern,scaffold:c1ccc2c(c1)CCC1C2CCC2CCCC21,C,0.44784488194347505,0.4084198807616094,5,2,5,0.5251509891557096,0.4479575793175349,0,1.0,0.4,PUBCHEM_ACTIVE_MOIETY_EQUIVALENCE_CONFIRMED,rules-applied-pending-independent-review,exact-name,exact-title-among-candidates,compound-name-suffix-resolved-to-unique-or-exact-PubChem-active,Outer-fold out-of-fold prediction; molecule and its chemical group were absent from that fit.,Not available in the locked DILIrank source; no post hoc class was inferred.
LT00227,Ticlopidine hydrochloride,vMost-DILI-concern,scaffold:c1ccc(CN2CCc3sccc3C2)cc1,C,0.44837118115245056,0.4139725712062831,5,2,5,0.5156352186479178,0.4420986959391196,0,1.0,0.4,PUBCHEM_ACTIVE_MOIETY_EQUIVALENCE_CONFIRMED,rules-applied-pending-independent-review,exact-name,exact-title-among-candidates,compound-name-suffix-resolved-to-unique-or-exact-PubChem-active,Outer-fold out-of-fold prediction; molecule and its chemical group were absent from that fit.,Not available in the locked DILIrank source; no post hoc class was inferred.
LT01615,Nortriptyline hydrochloride,vMost-DILI-concern,scaffold:C=C1c2ccccc2CCc2ccccc21,C,0.45005537273866913,0.4082872493110042,5,2,5,0.5117235717358868,0.4504935373977255,0,1.0,0.4,PUBCHEM_ACTIVE_MOIETY_EQUIVALENCE_CONFIRMED,rules-applied-pending-independent-review,exact-name,exact-title-among-candidates,compound-name-suffix-resolved-to-unique-or-exact-PubChem-active,Outer-fold out-of-fold prediction; molecule and its chemical group were absent from that fit.,Not available in the locked DILIrank source; no post hoc class was inferred.
LT01371,Fialuridine,vMost-DILI-concern,scaffold:O=c1ccn(C2CCCO2)c(=O)[nH]1,A,0.4544272630424816,0.3658004806253471,5,5,5,0.6994387822445833,0.6453959989983054,0,1.0,1.0,none,rules-applied-pending-independent-review,exact-name,exact-title-among-candidates,not applicable,Outer-fold out-of-fold prediction; molecule and its chemical group were absent from that fit.,Not available in the locked DILIrank source; no post hoc class was inferred.
LT01222,Tigecycline,vMost-DILI-concern,scaffold:O=C1C=CC2C(=O)C3=Cc4ccccc4CC3CC2C1,D,0.456188223106746,0.3927808196455962,5,5,5,0.6840338730662163,0.5865529839533302,0,1.0,1.0,none,rules-applied-pending-independent-review,exact-name,exact-title-among-candidates,not applicable,Outer-fold out-of-fold prediction; molecule and its chemical group were absent from that fit.,Not available in the locked DILIrank source; no post hoc class was inferred.
LT00160,Valproic acid,vMost-DILI-concern,acyclic:0029,D,0.4607162674072683,0.4154371468833004,5,5,5,0.674460628547185,0.56936304840492,0,1.0,1.0,none,rules-applied-pending-independent-review,exact-name,exact-title-among-candidates,not applicable,Outer-fold out-of-fold prediction; molecule and its chemical group were absent from that fit.,Not available in the locked DILIrank source; no post hoc class was inferred.
LT01097,Voriconazole,vMost-DILI-concern,scaffold:c1ccc(C(Cc2ccncn2)Cn2cncn2)cc1,D,0.4624974179149647,0.407554823344085,5,5,5,0.6556760077924604,0.5627410297789328,0,1.0,1.0,none,rules-applied-pending-independent-review,exact-name,exact-title-among-candidates,not applicable,Outer-fold out-of-fold prediction; molecule and its chemical group were absent from that fit.,Not available in the locked DILIrank source; no post hoc class was inferred.
LT00160,Valproic acid,vMost-DILI-concern,acyclic:0029,A,0.4712311123023687,0.4405543645379238,5,5,5,0.6927336194303525,0.6591347864163902,0,1.0,1.0,none,rules-applied-pending-independent-review,exact-name,exact-title-among-candidates,not applicable,Outer-fold out-of-fold prediction; molecule and its chemical group were absent from that fit.,Not available in the locked DILIrank source; no post hoc class was inferred.
LT01263,Milnacipran hydrochloride,vMost-DILI-concern,scaffold:c1ccc(C2CC2)cc1,D,0.48232328229091176,0.3635390915210966,5,4,5,0.651572143268937,0.5755102717589342,0,1.0,0.8,PUBCHEM_ACTIVE_MOIETY_EQUIVALENCE_CONFIRMED,rules-applied-pending-independent-review,exact-name,exact-title-among-candidates,compound-name-suffix-resolved-to-unique-or-exact-PubChem-active,Outer-fold out-of-fold prediction; molecule and its chemical group were absent from that fit.,Not available in the locked DILIrank source; no post hoc class was inferred.
LT00845,Oxandrolone,vMost-DILI-concern,scaffold:O=C1CC2CCC3C4CCCC4CCC3C2CO1,D,0.48452346386400913,0.372549040651731,5,4,5,0.6750882147977082,0.5634118326168507,0,1.0,0.8,none,rules-applied-pending-independent-review,exact-name,exact-title-among-candidates,not applicable,Outer-fold out-of-fold prediction; molecule and its chemical group were absent from that fit.,Not available in the locked DILIrank source; no post hoc class was inferred.
LT00295,Disulfiram,vMost-DILI-concern,acyclic:0027,D,0.48814767652125635,0.265943911366082,5,3,5,0.6889842401229684,0.5998218985407945,0,1.0,0.6,none,rules-applied-pending-independent-review,exact-name,exact-title-among-candidates,not applicable,Outer-fold out-of-fold prediction; molecule and its chemical group were absent from that fit.,Not available in the locked DILIrank source; no post hoc class was inferred.
LT00131,Perhexiline,vMost-DILI-concern,scaffold:C1CCC(C(CC2CCCCN2)C2CCCCC2)CC1,B,0.4886936810026324,0.3789551441985995,5,5,5,0.6999986054859562,0.646947810495641,0,1.0,1.0,none,rules-applied-pending-independent-review,exact-name,exact-title-among-candidates,not applicable,Outer-fold out-of-fold prediction; molecule and its chemical group were absent from that fit.,Not available in the locked DILIrank source; no post hoc class was inferred.
LT00580,Methimazole,vMost-DILI-concern,scaffold:S=c1[nH]cc[nH]1,C,0.48870758742739256,0.4031653659301094,5,2,5,0.5638775375648984,0.4586903473742704,0,1.0,0.4,none,rules-applied-pending-independent-review,exact-name,exact-title-among-candidates,not applicable,Outer-fold out-of-fold prediction; molecule and its chemical group were absent from that fit.,Not available in the locked DILIrank source; no post hoc class was inferred.
LT00240,Etodolac,vMost-DILI-concern,scaffold:c1ccc2c3c([nH]c2c1)COCC3,C,0.49874333274513794,0.4609616928667827,5,0,5,0.5406330073297586,0.44764004383943246,0,1.0,0.0,none,rules-applied-pending-independent-review,exact-name,exact-title-among-candidates,not applicable,Outer-fold out-of-fold prediction; molecule and its chemical group were absent from that fit.,Not available in the locked DILIrank source; no post hoc class was inferred.
LT00539,Danazol,vMost-DILI-concern,scaffold:C1=C2CCC3C4CCCC4CCC3C2Cc2cnoc21,B,0.5018559473955077,0.4159600191590789,5,5,5,0.6856215440705841,0.6589128934287029,0,1.0,1.0,none,rules-applied-pending-independent-review,exact-name,exact-title-among-candidates,not applicable,Outer-fold out-of-fold prediction; molecule and its chemical group were absent from that fit.,Not available in the locked DILIrank source; no post hoc class was inferred.
LT00845,Oxandrolone,vMost-DILI-concern,scaffold:O=C1CC2CCC3C4CCCC4CCC3C2CO1,A,0.504325812604554,0.4834742850072364,5,5,5,0.6941597205639432,0.64446803412188,0,1.0,1.0,none,rules-applied-pending-independent-review,exact-name,exact-title-among-candidates,not applicable,Outer-fold out-of-fold prediction; molecule and its chemical group were absent from that fit.,Not available in the locked DILIrank source; no post hoc class was inferred.
LT00097,Felbamate,vMost-DILI-concern,scaffold:c1ccccc1,D,0.5048838956352639,0.4140544429936881,5,4,5,0.6662180166175714,0.5505540108303971,0,1.0,0.8,none,rules-applied-pending-independent-review,exact-name,exact-title-among-candidates,not applicable,Outer-fold out-of-fold prediction; molecule and its chemical group were absent from that fit.,Not available in the locked DILIrank source; no post hoc class was inferred.
LT00223,Testosterone enanthate,vMost-DILI-concern,scaffold:O=C1C=C2CCC3C4CCCC4CCC3C2CC1,C,0.5076579825216057,0.4225821664259376,5,2,5,0.5623258058611101,0.471350387278084,0,1.0,0.4,none,rules-applied-pending-independent-review,exact-name,exact-title-among-candidates,not applicable,Outer-fold out-of-fold prediction; molecule and its chemical group were absent from that fit.,Not available in the locked DILIrank source; no post hoc class was inferred.
LT01359,Exifone,vMost-DILI-concern,scaffold:O=C(c1ccccc1)c1ccccc1,D,0.5082375983251574,0.380189490783838,5,4,5,0.6604865185670479,0.5708712168133778,0,1.0,0.8,none,rules-applied-pending-independent-review,exact-name,exact-title-among-candidates,not applicable,Outer-fold out-of-fold prediction; molecule and its chemical group were absent from that fit.,Not available in the locked DILIrank source; no post hoc class was inferred.
LT01816,suloctidil,vMost-DILI-concern,scaffold:c1ccccc1,A,0.5090679337086217,0.4717830185190974,5,5,5,0.6606905570027898,0.6454610823680577,0,1.0,1.0,none,rules-applied-pending-independent-review,exact-name,exact-title-among-candidates,not applicable,Outer-fold out-of-fold prediction; molecule and its chemical group were absent from that fit.,Not available in the locked DILIrank source; no post hoc class was inferred.
LT00295,Disulfiram,vMost-DILI-concern,acyclic:0027,B,0.5220019135030733,0.4678960062933575,5,5,5,0.6604909260164089,0.6549905205373758,0,1.0,1.0,none,rules-applied-pending-independent-review,exact-name,exact-title-among-candidates,not applicable,Outer-fold out-of-fold prediction; molecule and its chemical group were absent from that fit.,Not available in the locked DILIrank source; no post hoc class was inferred.
LT02121,Nandrolone phenpropionate,vMost-DILI-concern,scaffold:O=C1C=C2CCC3C(CCC4C(OC(=O)CCc5ccccc5)CCC43)C2CC1,D,0.5272466445597848,0.456728683494689,5,4,5,0.6430312295023428,0.5349681151173264,0,1.0,0.8,none,rules-applied-pending-independent-review,exact-name,unique-pubchem-name-result,not applicable,Outer-fold out-of-fold prediction; molecule and its chemical group were absent from that fit.,Not available in the locked DILIrank source; no post hoc class was inferred.
LT00235,Oxymetholone,vMost-DILI-concern,scaffold:C=C1CC2C(CCC3C4CCCC4CCC23)CC1=O,A,0.5417939624269136,0.4595243541644667,5,5,5,0.6750588109975176,0.6435748023701542,0,1.0,1.0,none,rules-applied-pending-independent-review,exact-name,exact-title-among-candidates,not applicable,Outer-fold out-of-fold prediction; molecule and its chemical group were absent from that fit.,Not available in the locked DILIrank source; no post hoc class was inferred.
LT01611,Nomifensine,vMost-DILI-concern,scaffold:c1ccc(C2CNCc3ccccc32)cc1,D,0.5526247842571672,0.5432400268350062,5,3,5,0.694880367297775,0.5608081083809362,0,1.0,0.6,none,rules-applied-pending-independent-review,exact-name,exact-title-among-candidates,not applicable,Outer-fold out-of-fold prediction; molecule and its chemical group were absent from that fit.,Not available in the locked DILIrank source; no post hoc class was inferred.
LT01371,Fialuridine,vMost-DILI-concern,scaffold:O=c1ccn(C2CCCO2)c(=O)[nH]1,D,0.5575597357645456,0.4795865374099127,5,3,5,0.6608390541108103,0.577658252939002,0,1.0,0.6,none,rules-applied-pending-independent-review,exact-name,exact-title-among-candidates,not applicable,Outer-fold out-of-fold prediction; molecule and its chemical group were absent from that fit.,Not available in the locked DILIrank source; no post hoc class was inferred.
LT01651,Pentostatin,vMost-DILI-concern,scaffold:C1=NCCc2ncn(C3CCCO3)c2N1,A,0.5613700218181341,0.5322320578483268,5,5,5,0.6916437770899128,0.6522892867001564,0,1.0,1.0,none,rules-applied-pending-independent-review,exact-name,exact-title-among-candidates,not applicable,Outer-fold out-of-fold prediction; molecule and its chemical group were absent from that fit.,Not available in the locked DILIrank source; no post hoc class was inferred.
LT01263,Milnacipran hydrochloride,vMost-DILI-concern,scaffold:c1ccc(C2CC2)cc1,A,0.5667982892607224,0.5343590836301044,5,5,5,0.6907496119980527,0.6579350685770585,0,1.0,1.0,PUBCHEM_ACTIVE_MOIETY_EQUIVALENCE_CONFIRMED,rules-applied-pending-independent-review,exact-name,exact-title-among-candidates,compound-name-suffix-resolved-to-unique-or-exact-PubChem-active,Outer-fold out-of-fold prediction; molecule and its chemical group were absent from that fit.,Not available in the locked DILIrank source; no post hoc class was inferred.
LT00209,Cytarabine,vMost-DILI-concern,scaffold:O=c1ncccn1C1CCCO1,A,0.5875030969026488,0.5610211670942625,5,5,5,0.7004228054426263,0.6477777417685469,0,1.0,1.0,none,rules-applied-pending-independent-review,exact-name,exact-title-among-candidates,not applicable,Outer-fold out-of-fold prediction; molecule and its chemical group were absent from that fit.,Not available in the locked DILIrank source; no post hoc class was inferred.
LT02035,Duloxetine hydrochloride,vMost-DILI-concern,scaffold:c1csc(COc2cccc3ccccc23)c1,D,0.5900947969022484,0.4717994485878071,5,3,5,0.7129471655231394,0.5882724774364799,0,1.0,0.6,PUBCHEM_ACTIVE_MOIETY_EQUIVALENCE_CONFIRMED,rules-applied-pending-independent-review,exact-name,exact-title-among-candidates,compound-name-suffix-resolved-to-unique-or-exact-PubChem-active,Outer-fold out-of-fold prediction; molecule and its chemical group were absent from that fit.,Not available in the locked DILIrank source; no post hoc class was inferred.
LT00565,Sunitinib malate,vMost-DILI-concern,scaffold:O=C1Nc2ccccc2C1=Cc1ccc[nH]1,A,0.5931044372979909,0.5231680237284795,5,4,5,0.6751176161324497,0.652731995258021,0,1.0,0.8,SALT_OR_MULTICOMPONENT_SOURCE,rules-applied-pending-independent-review,exact-name,exact-title-among-candidates,not applicable,Outer-fold out-of-fold prediction; molecule and its chemical group were absent from that fit.,Not available in the locked DILIrank source; no post hoc class was inferred.
LT01139,Atomoxetine hydrochloride,vMost-DILI-concern,scaffold:c1ccc(COc2ccccc2)cc1,B,0.5986169685562437,0.4814412705004502,5,4,5,0.7201850326318481,0.6576209802405107,0,1.0,0.8,PUBCHEM_ACTIVE_MOIETY_EQUIVALENCE_CONFIRMED,rules-applied-pending-independent-review,exact-name,exact-title-among-candidates,compound-name-suffix-resolved-to-unique-or-exact-PubChem-active,Outer-fold out-of-fold prediction; molecule and its chemical group were absent from that fit.,Not available in the locked DILIrank source; no post hoc class was inferred.
LT00295,Disulfiram,vMost-DILI-concern,acyclic:0027,A,0.6041119227888764,0.4941049544545224,5,3,5,0.7144036828122872,0.6492372650149844,0,1.0,0.6,none,rules-applied-pending-independent-review,exact-name,exact-title-among-candidates,not applicable,Outer-fold out-of-fold prediction; molecule and its chemical group were absent from that fit.,Not available in the locked DILIrank source; no post hoc class was inferred.
LT01342,Estramustine phosphate sodium,vMost-DILI-concern,scaffold:c1ccc2c(c1)CCC1C2CCC2CCCC21,D,0.616334045586646,0.4998042139182361,5,2,5,0.7139610725908812,0.5746636229469052,0,1.0,0.4,PUBCHEM_ACTIVE_MOIETY_EQUIVALENCE_CONFIRMED,rules-applied-pending-independent-review,exact-name,exact-title-among-candidates,compound-name-suffix-resolved-to-unique-or-exact-PubChem-active,Outer-fold out-of-fold prediction; molecule and its chemical group were absent from that fit.,Not available in the locked DILIrank source; no post hoc class was inferred.
LT01407,Gemcitabine hydrochloride,vMost-DILI-concern,scaffold:O=c1ncccn1C1CCCO1,A,0.6164436778117757,0.6048402638922431,5,5,5,0.7004228054426263,0.6477777417685469,0,1.0,1.0,PUBCHEM_ACTIVE_MOIETY_EQUIVALENCE_CONFIRMED,rules-applied-pending-independent-review,exact-name,exact-title-among-candidates,compound-name-suffix-resolved-to-unique-or-exact-PubChem-active,Outer-fold out-of-fold prediction; molecule and its chemical group were absent from that fit.,Not available in the locked DILIrank source; no post hoc class was inferred.
LT00136,Propylthiouracil,vMost-DILI-concern,scaffold:O=c1cc[nH]c(=S)[nH]1,A,0.6217502595270697,0.5990351669063018,5,4,5,0.7052417310783751,0.6462115594408351,0,1.0,0.8,none,rules-applied-pending-independent-review,exact-name,exact-title-among-candidates,not applicable,Outer-fold out-of-fold prediction; molecule and its chemical group were absent from that fit.,Not available in the locked DILIrank source; no post hoc class was inferred.
LT00580,Methimazole,vMost-DILI-concern,scaffold:S=c1[nH]cc[nH]1,A,0.6223370821006151,0.5981268189130059,5,5,5,0.6906221580273899,0.6480170874148203,0,1.0,1.0,none,rules-applied-pending-independent-review,exact-name,exact-title-among-candidates,not applicable,Outer-fold out-of-fold prediction; molecule and its chemical group were absent from that fit.,Not available in the locked DILIrank source; no post hoc class was inferred.
LT00045,Amineptine,vMost-DILI-concern,scaffold:c1ccc2c(c1)CCc1ccccc1C2,A,0.6355816924469428,0.5920831530870769,5,3,5,0.7100015866169127,0.6456032012650113,0,1.0,0.6,none,rules-applied-pending-independent-review,exact-name,exact-title-among-candidates,not applicable,Outer-fold out-of-fold prediction; molecule and its chemical group were absent from that fit.,Not available in the locked DILIrank source; no post hoc class was inferred.
LT00109,Iproniazid,vMost-DILI-concern,scaffold:c1ccncc1,A,0.6412284238953763,0.6300372350035424,5,3,5,0.6967685181031953,0.648305911269658,0,1.0,0.6,none,rules-applied-pending-independent-review,exact-name,exact-title-among-candidates,not applicable,Outer-fold out-of-fold prediction; molecule and its chemical group were absent from that fit.,Not available in the locked DILIrank source; no post hoc class was inferred.
LT02033,Ximelagatran,vMost-DILI-concern,scaffold:O=C(NCc1ccccc1)C1CCN1C(=O)CC1CCCCC1,A,0.6430906590168373,0.6064349753505105,5,4,5,0.6813216337685585,0.6536796243087656,0,1.0,0.8,none,rules-applied-pending-independent-review,exact-name,exact-title-among-candidates,not applicable,Outer-fold out-of-fold prediction; molecule and its chemical group were absent from that fit.,Not available in the locked DILIrank source; no post hoc class was inferred.
LT00112,Labetalol hydrochloride,vMost-DILI-concern,scaffold:c1ccc(CCCNCCc2ccccc2)cc1,A,0.6636390183302063,0.6512737759173985,5,2,5,0.7226415607299617,0.648293494506634,0,1.0,0.4,PUBCHEM_ACTIVE_MOIETY_EQUIVALENCE_CONFIRMED,rules-applied-pending-independent-review,exact-name,exact-title-among-candidates,compound-name-suffix-resolved-to-unique-or-exact-PubChem-active,Outer-fold out-of-fold prediction; molecule and its chemical group were absent from that fit.,Not available in the locked DILIrank source; no post hoc class was inferred.
LT01651,Pentostatin,vMost-DILI-concern,scaffold:C1=NCCc2ncn(C3CCCO3)c2N1,C,0.44100388758560244,0.3714352729230909,4,4,5,0.5414602304182035,0.45103915430166797,0,0.8,0.8,none,rules-applied-pending-independent-review,exact-name,exact-title-among-candidates,not applicable,Outer-fold out-of-fold prediction; molecule and its chemical group were absent from that fit.,Not available in the locked DILIrank source; no post hoc class was inferred.
LT00703,Phenoxypropazine,vMost-DILI-concern,scaffold:c1ccccc1,C,0.4440553000791777,0.3814249132496149,4,3,5,0.5491940510918963,0.4380169080256727,0,0.8,0.6,none,rules-applied-pending-independent-review,exact-name,exact-title-among-candidates,not applicable,Outer-fold out-of-fold prediction; molecule and its chemical group were absent from that fit.,Not available in the locked DILIrank source; no post hoc class was inferred.
LT01651,Pentostatin,vMost-DILI-concern,scaffold:C1=NCCc2ncn(C3CCCO3)c2N1,D,0.45133070187518853,0.1303824942461041,4,4,5,0.7126749244984631,0.5755722971295777,0,0.8,0.8,none,rules-applied-pending-independent-review,exact-name,exact-title-among-candidates,not applicable,Outer-fold out-of-fold prediction; molecule and its chemical group were absent from that fit.,Not available in the locked DILIrank source; no post hoc class was inferred.
LT00227,Ticlopidine hydrochloride,vMost-DILI-concern,scaffold:c1ccc(CN2CCc3sccc3C2)cc1,D,0.4633248809359424,0.2754693429350325,4,2,5,0.6050834178842432,0.5564190036027974,0,0.8,0.4,PUBCHEM_ACTIVE_MOIETY_EQUIVALENCE_CONFIRMED,rules-applied-pending-independent-review,exact-name,exact-title-among-candidates,compound-name-suffix-resolved-to-unique-or-exact-PubChem-active,Outer-fold out-of-fold prediction; molecule and its chemical group were absent from that fit.,Not available in the locked DILIrank source; no post hoc class was inferred.
LT01285,Didanosine,vMost-DILI-concern,scaffold:O=c1[nH]cnc2c1ncn2C1CCCO1,C,0.4672447506485895,0.4473427144872055,4,1,5,0.500715350880639,0.4440179940960811,0,0.8,0.2,none,rules-applied-pending-independent-review,exact-name,exact-title-among-candidates,not applicable,Outer-fold out-of-fold prediction; molecule and its chemical group were absent from that fit.,Not available in the locked DILIrank source; no post hoc class was inferred.
LT00034,Rifampin,vMost-DILI-concern,scaffold:O=C1C=CC=CCCCCCCCCC=COC2Oc3ccc4cc(c(C=NN5CCNCC5)cc4c3C2=O)N1,C,0.47403526067338164,0.4077925083344099,4,1,5,0.5099054462099335,0.445631916956781,0,0.8,0.2,none,rules-applied-pending-independent-review,exact-name,unique-pubchem-name-result,not applicable,Outer-fold out-of-fold prediction; molecule and its chemical group were absent from that fit.,Not available in the locked DILIrank source; no post hoc class was inferred.
LT00394,Exemestane,vMost-DILI-concern,scaffold:C=C1CC2C(CCC3C(=O)CCC32)C2C=CC(=O)C=C12,C,0.47666868750748426,0.4534106457178845,4,1,5,0.5061603807421744,0.4447488808581738,0,0.8,0.2,none,rules-applied-pending-independent-review,exact-name,exact-title-among-candidates,not applicable,Outer-fold out-of-fold prediction; molecule and its chemical group were absent from that fit.,Not available in the locked DILIrank source; no post hoc class was inferred.
LT01611,Nomifensine,vMost-DILI-concern,scaffold:c1ccc(C2CNCc3ccccc32)cc1,C,0.48086124367263416,0.4496846400386176,4,3,5,0.5708842228660721,0.45770767536124907,0,0.8,0.6,none,rules-applied-pending-independent-review,exact-name,exact-title-among-candidates,not applicable,Outer-fold out-of-fold prediction; molecule and its chemical group were absent from that fit.,Not available in the locked DILIrank source; no post hoc class was inferred.
LT00288,Dacarbazine,vMost-DILI-concern,scaffold:c1c[nH]cn1,C,0.48393943815984314,0.3537968609164499,4,3,5,0.5841224590430204,0.4676066844752887,0,0.8,0.6,none,rules-applied-pending-independent-review,exact-name,exact-title-among-candidates,not applicable,Outer-fold out-of-fold prediction; molecule and its chemical group were absent from that fit.,Not available in the locked DILIrank source; no post hoc class was inferred.
LT02110,Mepazine,vMost-DILI-concern,scaffold:c1ccc2c(c1)Sc1ccccc1N2CC1CCCNC1,C,0.5024397991892424,0.4627400493913201,4,0,5,0.5148465992181498,0.4289976310824729,0,0.8,0.0,none,rules-applied-pending-independent-review,exact-name,unique-pubchem-name-result,not applicable,Outer-fold out-of-fold prediction; molecule and its chemical group were absent from that fit.,Not available in the locked DILIrank source; no post hoc class was inferred.
LT00312,Niacin,vMost-DILI-concern,scaffold:c1ccncc1,C,0.502886690521696,0.4208708365911529,4,1,5,0.546943161274187,0.45993963421176665,0,0.8,0.2,none,rules-applied-pending-independent-review,exact-name,unique-pubchem-name-result,not applicable,Outer-fold out-of-fold prediction; molecule and its chemical group were absent from that fit.,Not available in the locked DILIrank source; no post hoc class was inferred.
LT02216,Orlistat,vMost-DILI-concern,scaffold:O=C1CCO1,C,0.5052022540886715,0.4694768316689045,4,0,5,0.5468540029260422,0.45311913372922996,0,0.8,0.0,none,rules-applied-pending-independent-review,exact-name,exact-title-among-candidates,not applicable,Outer-fold out-of-fold prediction; molecule and its chemical group were absent from that fit.,Not available in the locked DILIrank source; no post hoc class was inferred.
LT00209,Cytarabine,vMost-DILI-concern,scaffold:O=c1ncccn1C1CCCO1,C,0.5057009458107057,0.4578396082087774,4,0,5,0.5206406419985722,0.4462617720765613,0,0.8,0.0,none,rules-applied-pending-independent-review,exact-name,exact-title-among-candidates,not applicable,Outer-fold out-of-fold prediction; molecule and its chemical group were absent from that fit.,Not available in the locked DILIrank source; no post hoc class was inferred.
LT01064,Bexarotene,vMost-DILI-concern,scaffold:C=C(c1ccccc1)c1ccc2c(c1)CCCC2,C,0.5167107990434745,0.4544402523377381,4,0,5,0.4916458782960703,0.4439554164344447,0,0.8,0.0,none,rules-applied-pending-independent-review,exact-name,exact-title-among-candidates,not applicable,Outer-fold out-of-fold prediction; molecule and its chemical group were absent from that fit.,Not available in the locked DILIrank source; no post hoc class was inferred.
LT01615,Nortriptyline hydrochloride,vMost-DILI-concern,scaffold:C=C1c2ccccc2CCc2ccccc21,D,0.5232550133391582,0.4342338224248031,4,3,5,0.5996651415917593,0.5659796383784184,0,0.8,0.6,PUBCHEM_ACTIVE_MOIETY_EQUIVALENCE_CONFIRMED,rules-applied-pending-independent-review,exact-name,exact-title-among-candidates,compound-name-suffix-resolved-to-unique-or-exact-PubChem-active,Outer-fold out-of-fold prediction; molecule and its chemical group were absent from that fit.,Not available in the locked DILIrank source; no post hoc class was inferred.
LT00558,Griseofulvin,vMost-DILI-concern,scaffold:O=C1C=CC2(CC1)Oc1ccccc1C2=O,C,0.5329103307569857,0.4693207092969157,4,0,5,0.5793683843123453,0.468096774298837,0,0.8,0.0,none,rules-applied-pending-independent-review,exact-name,exact-title-among-candidates,not applicable,Outer-fold out-of-fold prediction; molecule and its chemical group were absent from that fit.,Not available in the locked DILIrank source; no post hoc class was inferred.
LT01874,Zimelidine,vMost-DILI-concern,scaffold:C=C(c1ccccc1)c1cccnc1,C,0.5381301273079648,0.4405975079504055,4,1,5,0.5530445275171554,0.4480448493229215,0,0.8,0.2,none,rules-applied-pending-independent-review,exact-name,exact-title-among-candidates,not applicable,Outer-fold out-of-fold prediction; molecule and its chemical group were absent from that fit.,Not available in the locked DILIrank source; no post hoc class was inferred.
LT00168,Troglitazone,vMost-DILI-concern,scaffold:O=C1NC(=O)C(Cc2ccc(OCC3CCc4ccccc4O3)cc2)S1,C,0.5388588629976279,0.4866706932008763,4,0,5,0.5448868923515873,0.44446793902860227,0,0.8,0.0,none,rules-applied-pending-independent-review,exact-name,exact-title-among-candidates,not applicable,Outer-fold out-of-fold prediction; molecule and its chemical group were absent from that fit.,Not available in the locked DILIrank source; no post hoc class was inferred.
LT00634,Terbinafine hydrochloride,vMost-DILI-concern,scaffold:c1ccc2ccccc2c1,D,0.5551765919752508,0.4326960712296926,4,4,5,0.6887554266100545,0.5702892391036256,0,0.8,0.8,PUBCHEM_ACTIVE_MOIETY_EQUIVALENCE_CONFIRMED,rules-applied-pending-independent-review,exact-name,exact-title-among-candidates,compound-name-suffix-resolved-to-unique-or-exact-PubChem-active,Outer-fold out-of-fold prediction; molecule and its chemical group were absent from that fit.,Not available in the locked DILIrank source; no post hoc class was inferred.
LT00703,Phenoxypropazine,vMost-DILI-concern,scaffold:c1ccccc1,D,0.559234896685397,0.4549614923006276,4,2,5,0.6662180166175714,0.5505540108303971,0,0.8,0.4,none,rules-applied-pending-independent-review,exact-name,exact-title-among-candidates,not applicable,Outer-fold out-of-fold prediction; molecule and its chemical group were absent from that fit.,Not available in the locked DILIrank source; no post hoc class was inferred.
LT00187,Clarithromycin,vMost-DILI-concern,scaffold:O=C1CCCCOC(=O)CC(OC2CCCCO2)CC(OC2CCCCO2)CCC1,D,0.5626047496214126,0.4927693043511714,4,3,5,0.6186399806765384,0.5461396576937779,0,0.8,0.6,none,rules-applied-pending-independent-review,exact-name,exact-title-among-candidates,not applicable,Outer-fold out-of-fold prediction; molecule and its chemical group were absent from that fit.,Not available in the locked DILIrank source; no post hoc class was inferred.
LT00026,Methotrexate sodium,vMost-DILI-concern,scaffold:c1ccc(NCc2cnc3ncncc3n2)cc1,B,0.5630473508388804,0.4620283382626841,4,4,5,0.6958059418918657,0.6571778029791336,0,0.8,0.8,PUBCHEM_ACTIVE_MOIETY_EQUIVALENCE_CONFIRMED,rules-applied-pending-independent-review,exact-name,unique-pubchem-name-result,compound-name-suffix-resolved-to-unique-or-exact-PubChem-active,Outer-fold out-of-fold prediction; molecule and its chemical group were absent from that fit.,Not available in the locked DILIrank source; no post hoc class was inferred.
LT00112,Labetalol hydrochloride,vMost-DILI-concern,scaffold:c1ccc(CCCNCCc2ccccc2)cc1,B,0.5808228540457978,0.4908925128066637,4,4,5,0.6617190097981018,0.6504042727374417,0,0.8,0.8,PUBCHEM_ACTIVE_MOIETY_EQUIVALENCE_CONFIRMED,rules-applied-pending-independent-review,exact-name,exact-title-among-candidates,compound-name-suffix-resolved-to-unique-or-exact-PubChem-active,Outer-fold out-of-fold prediction; molecule and its chemical group were absent from that fit.,Not available in the locked DILIrank source; no post hoc class was inferred.
LT01553,Mexiletine hydrochloride,vMost-DILI-concern,scaffold:c1ccccc1,B,0.5953180129372472,0.5683836632064887,4,5,5,0.6682593098387628,0.6366867563383535,0,0.8,1.0,PUBCHEM_ACTIVE_MOIETY_EQUIVALENCE_CONFIRMED,rules-applied-pending-independent-review,exact-name,exact-title-among-candidates,compound-name-suffix-resolved-to-unique-or-exact-PubChem-active,Outer-fold out-of-fold prediction; molecule and its chemical group were absent from that fit.,Not available in the locked DILIrank source; no post hoc class was inferred.
LT01371,Fialuridine,vMost-DILI-concern,scaffold:O=c1ccn(C2CCCO2)c(=O)[nH]1,B,0.5994510566584227,0.4842873543303159,4,4,5,0.6750141978632311,0.6588888861577532,0,0.8,0.8,none,rules-applied-pending-independent-review,exact-name,exact-title-among-candidates,not applicable,Outer-fold out-of-fold prediction; molecule and its chemical group were absent from that fit.,Not available in the locked DILIrank source; no post hoc class was inferred.
LT00121,Methyldopa,vMost-DILI-concern,scaffold:c1ccccc1,D,0.6025328719986413,0.4376749097963429,4,3,5,0.6662180166175714,0.5505540108303971,0,0.8,0.6,none,rules-applied-pending-independent-review,exact-name,exact-title-among-candidates,not applicable,Outer-fold out-of-fold prediction; molecule and its chemical group were absent from that fit.,Not available in the locked DILIrank source; no post hoc class was inferred.
LT00845,Oxandrolone,vMost-DILI-concern,scaffold:O=C1CC2CCC3C4CCCC4CCC3C2CO1,B,0.6089321653546479,0.4824111368856635,4,4,5,0.6779403860048295,0.6570831796786855,0,0.8,0.8,none,rules-applied-pending-independent-review,exact-name,exact-title-among-candidates,not applicable,Outer-fold out-of-fold prediction; molecule and its chemical group were absent from that fit.,Not available in the locked DILIrank source; no post hoc class was inferred.
LT00235,Oxymetholone,vMost-DILI-concern,scaffold:C=C1CC2C(CCC3C4CCCC4CCC23)CC1=O,B,0.6208783253310676,0.450573888647288,4,4,5,0.692653718800077,0.6550094356870347,0,0.8,0.8,none,rules-applied-pending-independent-review,exact-name,exact-title-among-candidates,not applicable,Outer-fold out-of-fold prediction; molecule and its chemical group were absent from that fit.,Not available in the locked DILIrank source; no post hoc class was inferred.
LT00696,Isaxonine,vMost-DILI-concern,scaffold:c1cncnc1,B,0.6257855700018966,0.5668617461298847,4,4,5,0.672585973520964,0.656963100344172,0,0.8,0.8,none,rules-applied-pending-independent-review,exact-name,unique-pubchem-name-result,not applicable,Outer-fold out-of-fold prediction; molecule and its chemical group were absent from that fit.,Not available in the locked DILIrank source; no post hoc class was inferred.
LT01816,suloctidil,vMost-DILI-concern,scaffold:c1ccccc1,B,0.6301090791499157,0.5938942242566108,4,2,5,0.6682593098387628,0.6366867563383535,0,0.8,0.4,none,rules-applied-pending-independent-review,exact-name,exact-title-among-candidates,not applicable,Outer-fold out-of-fold prediction; molecule and its chemical group were absent from that fit.,Not available in the locked DILIrank source; no post hoc class was inferred.
LT01615,Nortriptyline hydrochloride,vMost-DILI-concern,scaffold:C=C1c2ccccc2CCc2ccccc21,A,0.6307722416716856,0.5786408654069175,4,3,5,0.6873124017697712,0.658833489181491,0,0.8,0.6,PUBCHEM_ACTIVE_MOIETY_EQUIVALENCE_CONFIRMED,rules-applied-pending-independent-review,exact-name,exact-title-among-candidates,compound-name-suffix-resolved-to-unique-or-exact-PubChem-active,Outer-fold out-of-fold prediction; molecule and its chemical group were absent from that fit.,Not available in the locked DILIrank source; no post hoc class was inferred.
LT01263,Milnacipran hydrochloride,vMost-DILI-concern,scaffold:c1ccc(C2CC2)cc1,B,0.6311262947827819,0.5506327418579178,4,4,5,0.695286531921042,0.6571130294596095,0,0.8,0.8,PUBCHEM_ACTIVE_MOIETY_EQUIVALENCE_CONFIRMED,rules-applied-pending-independent-review,exact-name,exact-title-among-candidates,compound-name-suffix-resolved-to-unique-or-exact-PubChem-active,Outer-fold out-of-fold prediction; molecule and its chemical group were absent from that fit.,Not available in the locked DILIrank source; no post hoc class was inferred.
LT00539,Danazol,vMost-DILI-concern,scaffold:C1=C2CCC3C4CCCC4CCC3C2Cc2cnoc21,A,0.6380318503915445,0.5638774897442889,4,4,5,0.6942060271991253,0.6531435266392969,0,0.8,0.8,none,rules-applied-pending-independent-review,exact-name,exact-title-among-candidates,not applicable,Outer-fold out-of-fold prediction; molecule and its chemical group were absent from that fit.,Not available in the locked DILIrank source; no post hoc class was inferred.
LT00703,Phenoxypropazine,vMost-DILI-concern,scaffold:c1ccccc1,B,0.6395996934482885,0.5838291450579296,4,2,5,0.6682593098387628,0.6366867563383535,0,0.8,0.4,none,rules-applied-pending-independent-review,exact-name,exact-title-among-candidates,not applicable,Outer-fold out-of-fold prediction; molecule and its chemical group were absent from that fit.,Not available in the locked DILIrank source; no post hoc class was inferred.
LT00209,Cytarabine,vMost-DILI-concern,scaffold:O=c1ncccn1C1CCCO1,B,0.6433324795336398,0.5992751841501052,4,3,5,0.6878377111742401,0.6511282257565464,0,0.8,0.6,none,rules-applied-pending-independent-review,exact-name,exact-title-among-candidates,not applicable,Outer-fold out-of-fold prediction; molecule and its chemical group were absent from that fit.,Not available in the locked DILIrank source; no post hoc class was inferred.
LT00020,Gemfibrozil,vMost-DILI-concern,scaffold:c1ccccc1,B,0.6479624254774246,0.6317019980358805,4,2,5,0.6682593098387628,0.6366867563383535,0,0.8,0.4,none,rules-applied-pending-independent-review,exact-name,exact-title-among-candidates,not applicable,Outer-fold out-of-fold prediction; molecule and its chemical group were absent from that fit.,Not available in the locked DILIrank source; no post hoc class was inferred.
LT00634,Terbinafine hydrochloride,vMost-DILI-concern,scaffold:c1ccc2ccccc2c1,B,0.6489792572744109,0.6110471976357393,4,2,5,0.6906137803773015,0.6516005820732916,0,0.8,0.4,PUBCHEM_ACTIVE_MOIETY_EQUIVALENCE_CONFIRMED,rules-applied-pending-independent-review,exact-name,exact-title-among-candidates,compound-name-suffix-resolved-to-unique-or-exact-PubChem-active,Outer-fold out-of-fold prediction; molecule and its chemical group were absent from that fit.,Not available in the locked DILIrank source; no post hoc class was inferred.
LT00178,Ciprofloxacin hydrochloride,vMost-DILI-concern,scaffold:O=c1ccn(C2CC2)c2cc(N3CCNCC3)ccc12,A,0.6513602199206369,0.6177053317489399,4,2,5,0.6972256311030912,0.6522638648068149,0,0.8,0.4,PUBCHEM_ACTIVE_MOIETY_EQUIVALENCE_CONFIRMED,rules-applied-pending-independent-review,exact-name,unique-pubchem-name-result,compound-name-suffix-resolved-to-unique-or-exact-PubChem-active,Outer-fold out-of-fold prediction; molecule and its chemical group were absent from that fit.,Not available in the locked DILIrank source; no post hoc class was inferred.
LT01202,Bortezomib,vMost-DILI-concern,scaffold:O=C(NCCc1ccccc1)c1cnccn1,B,0.6523328378031436,0.5986932782733692,4,4,5,0.6768728183673333,0.6521521936838287,0,0.8,0.8,none,rules-applied-pending-independent-review,exact-name,exact-title-among-candidates,not applicable,Outer-fold out-of-fold prediction; molecule and its chemical group were absent from that fit.,Not available in the locked DILIrank source; no post hoc class was inferred.
LT02216,Orlistat,vMost-DILI-concern,scaffold:O=C1CCO1,D,0.6529277131884742,0.5678295433848329,4,0,5,0.6815036529755808,0.5771610009973207,0,0.8,0.0,none,rules-applied-pending-independent-review,exact-name,exact-title-among-candidates,not applicable,Outer-fold out-of-fold prediction; molecule and its chemical group were absent from that fit.,Not available in the locked DILIrank source; no post hoc class was inferred.
LT00144,Stavudine,vMost-DILI-concern,scaffold:O=c1ccn(C2C=CCO2)c(=O)[nH]1,A,0.6540778345807522,0.6254107539144743,4,2,5,0.6868910095712608,0.6471960973162705,0,0.8,0.4,none,rules-applied-pending-independent-review,exact-name,exact-title-among-candidates,not applicable,Outer-fold out-of-fold prediction; molecule and its chemical group were absent from that fit.,Not available in the locked DILIrank source; no post hoc class was inferred.
LT01615,Nortriptyline hydrochloride,vMost-DILI-concern,scaffold:C=C1c2ccccc2CCc2ccccc21,B,0.6618658101380814,0.5679502997295865,4,2,5,0.7137814888811176,0.6621492807023371,0,0.8,0.4,PUBCHEM_ACTIVE_MOIETY_EQUIVALENCE_CONFIRMED,rules-applied-pending-independent-review,exact-name,exact-title-among-candidates,compound-name-suffix-resolved-to-unique-or-exact-PubChem-active,Outer-fold out-of-fold prediction; molecule and its chemical group were absent from that fit.,Not available in the locked DILIrank source; no post hoc class was inferred.
LT00234,Isotretinoin,vMost-DILI-concern,scaffold:C1=CCCCC1,B,0.6699392772224521,0.630168232148235,4,3,5,0.6728868350028915,0.6571559447158475,0,0.8,0.6,none,rules-applied-pending-independent-review,exact-name,exact-title-among-candidates,not applicable,Outer-fold out-of-fold prediction; molecule and its chemical group were absent from that fit.,Not available in the locked DILIrank source; no post hoc class was inferred.
LT00634,Terbinafine hydrochloride,vMost-DILI-concern,scaffold:c1ccc2ccccc2c1,A,0.6741980376407343,0.6364775820969322,4,1,5,0.708721715604179,0.6454416633971063,0,0.8,0.2,PUBCHEM_ACTIVE_MOIETY_EQUIVALENCE_CONFIRMED,rules-applied-pending-independent-review,exact-name,exact-title-among-candidates,compound-name-suffix-resolved-to-unique-or-exact-PubChem-active,Outer-fold out-of-fold prediction; molecule and its chemical group were absent from that fit.,Not available in the locked DILIrank source; no post hoc class was inferred.
LT00640,Maraviroc,vMost-DILI-concern,scaffold:O=C(NC(CCN1C2CCC1CC(n1cnnc1)C2)c1ccccc1)C1CCCCC1,A,0.6793503469922779,0.6479029957131788,4,0,5,0.6958682663317849,0.6450919395717947,0,0.8,0.0,none,rules-applied-pending-independent-review,exact-name,unique-pubchem-name-result,not applicable,Outer-fold out-of-fold prediction; molecule and its chemical group were absent from that fit.,Not available in the locked DILIrank source; no post hoc class was inferred.
LT01285,Didanosine,vMost-DILI-concern,scaffold:O=c1[nH]cnc2c1ncn2C1CCCO1,D,0.6809814884466612,0.519669564249701,4,0,5,0.7004973612244723,0.5602404314799528,0,0.8,0.0,none,rules-applied-pending-independent-review,exact-name,exact-title-among-candidates,not applicable,Outer-fold out-of-fold prediction; molecule and its chemical group were absent from that fit.,Not available in the locked DILIrank source; no post hoc class was inferred.
LT01323,Efavirenz,vMost-DILI-concern,scaffold:O=C1Nc2ccccc2C(C#CC2CC2)O1,D,0.6867164263669198,0.656339951601213,4,0,5,0.7309020079086852,0.5755801860403734,0,0.8,0.0,none,rules-applied-pending-independent-review,exact-name,exact-title-among-candidates,not applicable,Outer-fold out-of-fold prediction; molecule and its chemical group were absent from that fit.,Not available in the locked DILIrank source; no post hoc class was inferred.
LT00295,Disulfiram,vMost-DILI-concern,acyclic:0027,C,0.4669277909116774,0.334140561037831,3,2,5,0.5214585625512532,0.4632743122322244,0,0.6,0.4,none,rules-applied-pending-independent-review,exact-name,exact-title-among-candidates,not applicable,Outer-fold out-of-fold prediction; molecule and its chemical group were absent from that fit.,Not available in the locked DILIrank source; no post hoc class was inferred.
LT00634,Terbinafine hydrochloride,vMost-DILI-concern,scaffold:c1ccc2ccccc2c1,C,0.4672844404352639,0.3776214144513525,3,4,5,0.5198393339562898,0.45052037748771284,0,0.6,0.8,PUBCHEM_ACTIVE_MOIETY_EQUIVALENCE_CONFIRMED,rules-applied-pending-independent-review,exact-name,exact-title-among-candidates,compound-name-suffix-resolved-to-unique-or-exact-PubChem-active,Outer-fold out-of-fold prediction; molecule and its chemical group were absent from that fit.,Not available in the locked DILIrank source; no post hoc class was inferred.
LT01371,Fialuridine,vMost-DILI-concern,scaffold:O=c1ccn(C2CCCO2)c(=O)[nH]1,C,0.47999287649358796,0.4159215717251617,3,2,5,0.5236440884806022,0.45900811425408056,0,0.6,0.4,none,rules-applied-pending-independent-review,exact-name,exact-title-among-candidates,not applicable,Outer-fold out-of-fold prediction; molecule and its chemical group were absent from that fit.,Not available in the locked DILIrank source; no post hoc class was inferred.
LT00003,Mercaptopurine,vMost-DILI-concern,scaffold:S=c1nc[nH]c2nc[nH]c12,C,0.5017637076114354,0.4475454280870609,3,1,5,0.49676825231374816,0.4513527223465104,0,0.6,0.2,none,rules-applied-pending-independent-review,exact-name,unique-pubchem-name-result,not applicable,Outer-fold out-of-fold prediction; molecule and its chemical group were absent from that fit.,Not available in the locked DILIrank source; no post hoc class was inferred.
LT00696,Isaxonine,vMost-DILI-concern,scaffold:c1cncnc1,C,0.5049546653717266,0.4058399479959064,3,1,5,0.5364338337744377,0.44881203711290907,0,0.6,0.2,none,rules-applied-pending-independent-review,exact-name,unique-pubchem-name-result,not applicable,Outer-fold out-of-fold prediction; molecule and its chemical group were absent from that fit.,Not available in the locked DILIrank source; no post hoc class was inferred.
LT01254,Posaconazole,vMost-DILI-concern,scaffold:O=c1[nH]ncn1-c1ccc(N2CCN(c3ccc(OCC4COC(Cn5cncn5)(c5ccccc5)C4)cc3)CC2)cc1,C,0.5053053719595421,0.4614043496657002,3,0,5,0.5168701116925983,0.4281614343896984,0,0.6,0.0,none,rules-applied-pending-independent-review,exact-name,exact-title-among-candidates,not applicable,Outer-fold out-of-fold prediction; molecule and its chemical group were absent from that fit.,Not available in the locked DILIrank source; no post hoc class was inferred.
LT01488,Levofloxacin,vMost-DILI-concern,scaffold:O=c1ccn2c3c(c(N4CCNCC4)ccc13)OCC2,C,0.5130484859124247,0.472724977706147,3,1,5,0.5446404539728729,0.4587536274908544,0,0.6,0.2,none,rules-applied-pending-independent-review,exact-name,exact-title-among-candidates,not applicable,Outer-fold out-of-fold prediction; molecule and its chemical group were absent from that fit.,Not available in the locked DILIrank source; no post hoc class was inferred.
LT00691,Tilbroquinol,vMost-DILI-concern,scaffold:c1ccc2ncccc2c1,C,0.5342882887041178,0.5061936621028686,3,0,5,0.5211256581825376,0.4393226119878836,0,0.6,0.0,none,rules-applied-pending-independent-review,exact-name,exact-title-among-candidates,not applicable,Outer-fold out-of-fold prediction; molecule and its chemical group were absent from that fit.,Not available in the locked DILIrank source; no post hoc class was inferred.
LT01250,Cyclofenil,vMost-DILI-concern,scaffold:c1ccc(C(=C2CCCCC2)c2ccccc2)cc1,C,0.5393279932479766,0.498388136672084,3,0,5,0.559003368057456,0.46861862866623616,0,0.6,0.0,none,rules-applied-pending-independent-review,exact-name,exact-title-among-candidates,not applicable,Outer-fold out-of-fold prediction; molecule and its chemical group were absent from that fit.,Not available in the locked DILIrank source; no post hoc class was inferred.
LT01034,Acarbose,vMost-DILI-concern,scaffold:C1=CC(NC2CCC(OC3CCCOC3)OC2)CCC1,C,0.5424591390587146,0.4085127910353798,3,1,5,0.5632474094041473,0.4625987692643716,0,0.6,0.2,none,rules-applied-pending-independent-review,exact-name,exact-title-among-candidates,not applicable,Outer-fold out-of-fold prediction; molecule and its chemical group were absent from that fit.,Not available in the locked DILIrank source; no post hoc class was inferred.
LT01574,Moxisylyte,vMost-DILI-concern,scaffold:c1ccccc1,C,0.5671727660203988,0.4895386861954595,3,0,5,0.5491940510918963,0.4380169080256727,0,0.6,0.0,none,rules-applied-pending-independent-review,exact-name,exact-title-among-candidates,not applicable,Outer-fold out-of-fold prediction; molecule and its chemical group were absent from that fit.,Not available in the locked DILIrank source; no post hoc class was inferred.
LT00696,Isaxonine,vMost-DILI-concern,scaffold:c1cncnc1,D,0.5766672455775577,0.4882650587328975,3,2,5,0.6445715197961344,0.5617880588265938,0,0.6,0.4,none,rules-applied-pending-independent-review,exact-name,unique-pubchem-name-result,not applicable,Outer-fold out-of-fold prediction; molecule and its chemical group were absent from that fit.,Not available in the locked DILIrank source; no post hoc class was inferred.
LT01488,Levofloxacin,vMost-DILI-concern,scaffold:O=c1ccn2c3c(c(N4CCNCC4)ccc13)OCC2,D,0.6237344237338819,0.5654036131347744,3,2,5,0.6618233927561998,0.5665566058707829,0,0.6,0.4,none,rules-applied-pending-independent-review,exact-name,exact-title-among-candidates,not applicable,Outer-fold out-of-fold prediction; molecule and its chemical group were absent from that fit.,Not available in the locked DILIrank source; no post hoc class was inferred.
LT01611,Nomifensine,vMost-DILI-concern,scaffold:c1ccc(C2CNCc3ccccc32)cc1,B,0.6245753224087046,0.5357179226106548,3,3,5,0.6791048970774728,0.6445878457972569,0,0.6,0.6,none,rules-applied-pending-independent-review,exact-name,exact-title-among-candidates,not applicable,Outer-fold out-of-fold prediction; molecule and its chemical group were absent from that fit.,Not available in the locked DILIrank source; no post hoc class was inferred.
LT00223,Testosterone enanthate,vMost-DILI-concern,scaffold:O=C1C=C2CCC3C4CCCC4CCC3C2CC1,D,0.6529137426578399,0.5144139438038524,3,1,5,0.6660128383334607,0.5906859937405068,0,0.6,0.2,none,rules-applied-pending-independent-review,exact-name,exact-title-among-candidates,not applicable,Outer-fold out-of-fold prediction; molecule and its chemical group were absent from that fit.,Not available in the locked DILIrank source; no post hoc class was inferred.
LT00209,Cytarabine,vMost-DILI-concern,scaffold:O=c1ncccn1C1CCCO1,D,0.6540534149934443,0.5420340613548719,3,0,5,0.6719289750040637,0.5526850675385293,0,0.6,0.0,none,rules-applied-pending-independent-review,exact-name,exact-title-among-candidates,not applicable,Outer-fold out-of-fold prediction; molecule and its chemical group were absent from that fit.,Not available in the locked DILIrank source; no post hoc class was inferred.
LT00152,Tamoxifen citrate,vMost-DILI-concern,scaffold:C(=C(c1ccccc1)c1ccccc1)c1ccccc1,D,0.658353757827174,0.5783508825501754,3,0,5,0.6741049842624223,0.5760184008776955,0,0.6,0.0,PUBCHEM_ACTIVE_MOIETY_EQUIVALENCE_CONFIRMED,rules-applied-pending-independent-review,exact-name,exact-title-among-candidates,compound-name-suffix-resolved-to-unique-or-exact-PubChem-active,Outer-fold out-of-fold prediction; molecule and its chemical group were absent from that fit.,Not available in the locked DILIrank source; no post hoc class was inferred.
LT00045,Amineptine,vMost-DILI-concern,scaffold:c1ccc2c(c1)CCc1ccccc1C2,B,0.6598335248590226,0.6198897322791719,3,2,5,0.67486383343876,0.6613819173723732,0,0.6,0.4,none,rules-applied-pending-independent-review,exact-name,exact-title-among-candidates,not applicable,Outer-fold out-of-fold prediction; molecule and its chemical group were absent from that fit.,Not available in the locked DILIrank source; no post hoc class was inferred.
LT00700,Triacetyldiphenolisatin,vMost-DILI-concern,scaffold:O=C1Nc2ccccc2C1(c1ccccc1)c1ccccc1,D,0.661530164693586,0.5284358414873624,3,1,5,0.6669684105087733,0.5774707838181483,0,0.6,0.2,none,rules-applied-pending-independent-review,exact-name,unique-pubchem-name-result,not applicable,Outer-fold out-of-fold prediction; molecule and its chemical group were absent from that fit.,Not available in the locked DILIrank source; no post hoc class was inferred.
LT02216,Orlistat,vMost-DILI-concern,scaffold:O=C1CCO1,A,0.6674638533445847,0.5487998995815268,3,3,5,0.7002881514639621,0.6449316404237108,0,0.6,0.6,none,rules-applied-pending-independent-review,exact-name,exact-title-among-candidates,not applicable,Outer-fold out-of-fold prediction; molecule and its chemical group were absent from that fit.,Not available in the locked DILIrank source; no post hoc class was inferred.
LT00288,Dacarbazine,vMost-DILI-concern,scaffold:c1c[nH]cn1,D,0.6678877474078998,0.4590650371755897,3,1,5,0.6499835602835586,0.5832524609615394,0,0.6,0.2,none,rules-applied-pending-independent-review,exact-name,exact-title-among-candidates,not applicable,Outer-fold out-of-fold prediction; molecule and its chemical group were absent from that fit.,Not available in the locked DILIrank source; no post hoc class was inferred.
LT00280,Busulfan,vMost-DILI-concern,acyclic:0028,A,0.6694132643117904,0.5536114513375471,3,2,5,0.6899514450942728,0.656388995251133,0,0.6,0.4,none,rules-applied-pending-independent-review,exact-name,exact-title-among-candidates,not applicable,Outer-fold out-of-fold prediction; molecule and its chemical group were absent from that fit.,Not available in the locked DILIrank source; no post hoc class was inferred.
LT00694,Clomacran,vMost-DILI-concern,scaffold:c1ccc2c(c1)Cc1ccccc1N2,A,0.6739439693315309,0.6560957790772555,3,0,5,0.70810406183397,0.6449850331883491,0,0.6,0.0,none,rules-applied-pending-independent-review,exact-name,unique-pubchem-name-result,not applicable,Outer-fold out-of-fold prediction; molecule and its chemical group were absent from that fit.,Not available in the locked DILIrank source; no post hoc class was inferred.
LT01342,Estramustine phosphate sodium,vMost-DILI-concern,scaffold:c1ccc2c(c1)CCC1C2CCC2CCCC21,A,0.6741000044291967,0.6361289481959751,3,0,5,0.7137574579111005,0.6479314054611839,0,0.6,0.0,PUBCHEM_ACTIVE_MOIETY_EQUIVALENCE_CONFIRMED,rules-applied-pending-independent-review,exact-name,exact-title-among-candidates,compound-name-suffix-resolved-to-unique-or-exact-PubChem-active,Outer-fold out-of-fold prediction; molecule and its chemical group were absent from that fit.,Not available in the locked DILIrank source; no post hoc class was inferred.
LT00461,Alatrofloxacin mesylate,vMost-DILI-concern,scaffold:O=c1ccn(-c2ccccc2)c2nc(N3CC4CC4C3)ccc12,A,0.6757638535942687,0.6408315915314297,3,0,5,0.6965037962222448,0.651029201583118,0,0.6,0.0,PUBCHEM_ACTIVE_MOIETY_EQUIVALENCE_CONFIRMED,rules-applied-pending-independent-review,exact-name,exact-title-among-candidates,compound-name-suffix-resolved-to-unique-or-exact-PubChem-active,Outer-fold out-of-fold prediction; molecule and its chemical group were absent from that fit.,Not available in the locked DILIrank source; no post hoc class was inferred.
LT00046,Amiodarone hydrochloride,vMost-DILI-concern,scaffold:O=C(c1ccccc1)c1coc2ccccc12,D,0.6761148427819633,0.6519733995259054,3,0,5,0.6753916481979123,0.5692123049832745,0,0.6,0.0,PUBCHEM_ACTIVE_MOIETY_EQUIVALENCE_CONFIRMED,rules-applied-pending-independent-review,exact-name,exact-title-among-candidates,compound-name-suffix-resolved-to-unique-or-exact-PubChem-active,Outer-fold out-of-fold prediction; molecule and its chemical group were absent from that fit.,Not available in the locked DILIrank source; no post hoc class was inferred.
LT01250,Cyclofenil,vMost-DILI-concern,scaffold:c1ccc(C(=C2CCCCC2)c2ccccc2)cc1,D,0.6796331630961001,0.5934604864847253,3,0,5,0.6600375022824709,0.5608201165460155,0,0.6,0.0,none,rules-applied-pending-independent-review,exact-name,exact-title-among-candidates,not applicable,Outer-fold out-of-fold prediction; molecule and its chemical group were absent from that fit.,Not available in the locked DILIrank source; no post hoc class was inferred.
LT00185,Clomipramine hydrochloride,vMost-DILI-concern,scaffold:c1ccc2c(c1)CCc1ccccc1N2,A,0.679761993929116,0.621460232686532,3,1,5,0.6938849842614588,0.6508026921060128,0,0.6,0.2,PUBCHEM_ACTIVE_MOIETY_EQUIVALENCE_CONFIRMED,rules-applied-pending-independent-review,exact-name,exact-title-among-candidates,compound-name-suffix-resolved-to-unique-or-exact-PubChem-active,Outer-fold out-of-fold prediction; molecule and its chemical group were absent from that fit.,Not available in the locked DILIrank source; no post hoc class was inferred.
LT01594,Nialamide,vMost-DILI-concern,scaffold:O=C(CCNNC(=O)c1ccncc1)NCc1ccccc1,A,0.6814667717870165,0.628362770909079,3,1,5,0.6828394949570348,0.6521530586266012,0,0.6,0.2,none,rules-applied-pending-independent-review,exact-name,exact-title-among-candidates,not applicable,Outer-fold out-of-fold prediction; molecule and its chemical group were absent from that fit.,Not available in the locked DILIrank source; no post hoc class was inferred.
LT01139,Atomoxetine hydrochloride,vMost-DILI-concern,scaffold:c1ccc(COc2ccccc2)cc1,A,0.6870158766908936,0.6637804994376396,3,0,5,0.701666419672542,0.6529445229513771,0,0.6,0.0,PUBCHEM_ACTIVE_MOIETY_EQUIVALENCE_CONFIRMED,rules-applied-pending-independent-review,exact-name,exact-title-among-candidates,compound-name-suffix-resolved-to-unique-or-exact-PubChem-active,Outer-fold out-of-fold prediction; molecule and its chemical group were absent from that fit.,Not available in the locked DILIrank source; no post hoc class was inferred.
LT00580,Methimazole,vMost-DILI-concern,scaffold:S=c1[nH]cc[nH]1,B,0.6878908974754403,0.6303139005879557,3,1,5,0.6800167459064127,0.6570714062374626,0,0.6,0.2,none,rules-applied-pending-independent-review,exact-name,exact-title-among-candidates,not applicable,Outer-fold out-of-fold prediction; molecule and its chemical group were absent from that fit.,Not available in the locked DILIrank source; no post hoc class was inferred.
LT00144,Stavudine,vMost-DILI-concern,scaffold:O=c1ccn(C2C=CCO2)c(=O)[nH]1,D,0.6938829040688901,0.5802733101485468,3,0,5,0.6977808504157703,0.5925414118949413,0,0.6,0.0,none,rules-applied-pending-independent-review,exact-name,exact-title-among-candidates,not applicable,Outer-fold out-of-fold prediction; molecule and its chemical group were absent from that fit.,Not available in the locked DILIrank source; no post hoc class was inferred.
LT00235,Oxymetholone,vMost-DILI-concern,scaffold:C=C1CC2C(CCC3C4CCCC4CCC23)CC1=O,D,0.6966440837180853,0.4395703781818455,3,1,5,0.6503376850231637,0.5756159183761356,0,0.6,0.2,none,rules-applied-pending-independent-review,exact-name,exact-title-among-candidates,not applicable,Outer-fold out-of-fold prediction; molecule and its chemical group were absent from that fit.,Not available in the locked DILIrank source; no post hoc class was inferred.
LT01323,Efavirenz,vMost-DILI-concern,scaffold:O=C1Nc2ccccc2C(C#CC2CC2)O1,A,0.7047324200021002,0.6792259810206209,3,0,5,0.6906391091015324,0.6461793274316239,0,0.6,0.0,none,rules-applied-pending-independent-review,exact-name,exact-title-among-candidates,not applicable,Outer-fold out-of-fold prediction; molecule and its chemical group were absent from that fit.,Not available in the locked DILIrank source; no post hoc class was inferred.
LT00040,Abacavir sulfate,vMost-DILI-concern,scaffold:C1=CC(n2cnc3c(NC4CC4)ncnc32)CC1,B,0.7065963867776939,0.6597260329292398,3,0,5,0.6949113347457098,0.6576799753778926,0,0.6,0.0,PUBCHEM_ACTIVE_MOIETY_EQUIVALENCE_CONFIRMED,rules-applied-pending-independent-review,exact-name,exact-title-among-candidates,compound-name-suffix-resolved-to-unique-or-exact-PubChem-active,Outer-fold out-of-fold prediction; molecule and its chemical group were absent from that fit.,Not available in the locked DILIrank source; no post hoc class was inferred.
LT01285,Didanosine,vMost-DILI-concern,scaffold:O=c1[nH]cnc2c1ncn2C1CCCO1,A,0.7196925414038338,0.6954065865964886,3,0,5,0.7003566423496703,0.6546783783576857,0,0.6,0.0,none,rules-applied-pending-independent-review,exact-name,exact-title-among-candidates,not applicable,Outer-fold out-of-fold prediction; molecule and its chemical group were absent from that fit.,Not available in the locked DILIrank source; no post hoc class was inferred.
LT01874,Zimelidine,vMost-DILI-concern,scaffold:C=C(c1ccccc1)c1cccnc1,D,0.7199186199640217,0.5577058477001918,3,0,5,0.7186449277643607,0.553254460750202,0,0.6,0.0,none,rules-applied-pending-independent-review,exact-name,exact-title-among-candidates,not applicable,Outer-fold out-of-fold prediction; molecule and its chemical group were absent from that fit.,Not available in the locked DILIrank source; no post hoc class was inferred.
LT00227,Ticlopidine hydrochloride,vMost-DILI-concern,scaffold:c1ccc(CN2CCc3sccc3C2)cc1,B,0.7336076057655976,0.6802238145824955,3,0,5,0.7066449822300476,0.6621782415860844,0,0.6,0.0,PUBCHEM_ACTIVE_MOIETY_EQUIVALENCE_CONFIRMED,rules-applied-pending-independent-review,exact-name,exact-title-among-candidates,compound-name-suffix-resolved-to-unique-or-exact-PubChem-active,Outer-fold out-of-fold prediction; molecule and its chemical group were absent from that fit.,Not available in the locked DILIrank source; no post hoc class was inferred.
LT00649,Zileuton,vMost-DILI-concern,scaffold:c1ccc2sccc2c1,C,0.4996953329530811,0.4426148069409794,2,0,5,0.49314000718503764,0.4508406435521971,0,0.4,0.0,none,rules-applied-pending-independent-review,exact-name,exact-title-among-candidates,not applicable,Outer-fold out-of-fold prediction; molecule and its chemical group were absent from that fit.,Not available in the locked DILIrank source; no post hoc class was inferred.
LT01944,Telithromycin,vMost-DILI-concern,scaffold:O=C1CC(=O)OCC2OC(=O)N(CCCCn3cnc(-c4cccnc4)c3)C2CC(=O)CCCC(OC2CCCCO2)C1,C,0.5284971593685656,0.4231435056474931,2,1,5,0.4965280762920151,0.4547763769396741,0,0.4,0.2,none,rules-applied-pending-independent-review,exact-name,exact-title-among-candidates,not applicable,Outer-fold out-of-fold prediction; molecule and its chemical group were absent from that fit.,Not available in the locked DILIrank source; no post hoc class was inferred.
LT00152,Tamoxifen citrate,vMost-DILI-concern,scaffold:C(=C(c1ccccc1)c1ccccc1)c1ccccc1,C,0.5340599753300996,0.4821651800100113,2,0,5,0.5246649749753256,0.448615014698514,0,0.4,0.0,PUBCHEM_ACTIVE_MOIETY_EQUIVALENCE_CONFIRMED,rules-applied-pending-independent-review,exact-name,exact-title-among-candidates,compound-name-suffix-resolved-to-unique-or-exact-PubChem-active,Outer-fold out-of-fold prediction; molecule and its chemical group were absent from that fit.,Not available in the locked DILIrank source; no post hoc class was inferred.
LT01407,Gemcitabine hydrochloride,vMost-DILI-concern,scaffold:O=c1ncccn1C1CCCO1,C,0.5369959786543339,0.4833877562106716,2,0,5,0.5206406419985722,0.4462617720765613,0,0.4,0.0,PUBCHEM_ACTIVE_MOIETY_EQUIVALENCE_CONFIRMED,rules-applied-pending-independent-review,exact-name,exact-title-among-candidates,compound-name-suffix-resolved-to-unique-or-exact-PubChem-active,Outer-fold out-of-fold prediction; molecule and its chemical group were absent from that fit.,Not available in the locked DILIrank source; no post hoc class was inferred.
LT00043,Allopurinol,vMost-DILI-concern,scaffold:O=c1[nH]cnc2[nH]ncc12,C,0.5414404271616957,0.4765648798348701,2,0,5,0.5113502813105233,0.44354740087737304,0,0.4,0.0,none,rules-applied-pending-independent-review,exact-name,exact-title-among-candidates,not applicable,Outer-fold out-of-fold prediction; molecule and its chemical group were absent from that fit.,Not available in the locked DILIrank source; no post hoc class was inferred.
LT00700,Triacetyldiphenolisatin,vMost-DILI-concern,scaffold:O=C1Nc2ccccc2C1(c1ccccc1)c1ccccc1,C,0.5445155204215948,0.4030143180301504,2,2,5,0.5618895268714723,0.4594508288140977,0,0.4,0.4,none,rules-applied-pending-independent-review,exact-name,unique-pubchem-name-result,not applicable,Outer-fold out-of-fold prediction; molecule and its chemical group were absent from that fit.,Not available in the locked DILIrank source; no post hoc class was inferred.
LT00671,Dronedarone hydrochloride,vMost-DILI-concern,scaffold:O=C(c1ccccc1)c1coc2ccccc12,C,0.5493274959514298,0.5175211320526,2,0,5,0.5231095923512034,0.45127239233207994,0,0.4,0.0,PUBCHEM_ACTIVE_MOIETY_EQUIVALENCE_CONFIRMED,rules-applied-pending-independent-review,exact-name,exact-title-among-candidates,compound-name-suffix-resolved-to-unique-or-exact-PubChem-active,Outer-fold out-of-fold prediction; molecule and its chemical group were absent from that fit.,Not available in the locked DILIrank source; no post hoc class was inferred.
LT00690,Oxyphenisatin,vMost-DILI-concern,scaffold:O=C1Nc2ccccc2C1(c1ccccc1)c1ccccc1,C,0.5844014974170653,0.5454219219010402,2,0,5,0.5618895268714723,0.4594508288140977,0,0.4,0.0,none,rules-applied-pending-independent-review,exact-name,exact-title-among-candidates,not applicable,Outer-fold out-of-fold prediction; molecule and its chemical group were absent from that fit.,Not available in the locked DILIrank source; no post hoc class was inferred.
LT00155,Tizanidine hydrochloride,vMost-DILI-concern,scaffold:c1cc(NC2=NCCN2)c2nsnc2c1,C,0.5848658796727851,0.5474124955487731,2,0,5,0.5296733092212736,0.4496612600257084,0,0.4,0.0,PUBCHEM_ACTIVE_MOIETY_EQUIVALENCE_CONFIRMED,rules-applied-pending-independent-review,exact-name,exact-title-among-candidates,compound-name-suffix-resolved-to-unique-or-exact-PubChem-active,Outer-fold out-of-fold prediction; molecule and its chemical group were absent from that fit.,Not available in the locked DILIrank source; no post hoc class was inferred.
LT00092,Erythromycin estolate,vMost-DILI-concern,scaffold:O=C1CCCCOC(=O)CC(OC2CCCCO2)CC(OC2CCCCO2)CCC1,D,0.5869819401772712,0.5119844295679801,2,1,5,0.6186399806765384,0.5461396576937779,0,0.4,0.2,EXACT_PRODUCT_PARENT_RETAINED_NON_EQUIVALENT_SUFFIX_FALLBACK,rules-applied-pending-independent-review,exact-name,exact-title-among-candidates,compound-name-suffix-resolved-to-unique-or-exact-PubChem-active,Outer-fold out-of-fold prediction; molecule and its chemical group were absent from that fit.,Not available in the locked DILIrank source; no post hoc class was inferred.
LT00040,Abacavir sulfate,vMost-DILI-concern,scaffold:C1=CC(n2cnc3c(NC4CC4)ncnc32)CC1,C,0.6053474537721083,0.5300329728046766,2,0,5,0.5650009785080771,0.4552122098771683,0,0.4,0.0,PUBCHEM_ACTIVE_MOIETY_EQUIVALENCE_CONFIRMED,rules-applied-pending-independent-review,exact-name,exact-title-among-candidates,compound-name-suffix-resolved-to-unique-or-exact-PubChem-active,Outer-fold out-of-fold prediction; molecule and its chemical group were absent from that fit.,Not available in the locked DILIrank source; no post hoc class was inferred.
LT00026,Methotrexate sodium,vMost-DILI-concern,scaffold:c1ccc(NCc2cnc3ncncc3n2)cc1,D,0.6195014331152138,0.543786138510382,2,2,5,0.5928509285215792,0.5479437723550853,0,0.4,0.4,PUBCHEM_ACTIVE_MOIETY_EQUIVALENCE_CONFIRMED,rules-applied-pending-independent-review,exact-name,unique-pubchem-name-result,compound-name-suffix-resolved-to-unique-or-exact-PubChem-active,Outer-fold out-of-fold prediction; molecule and its chemical group were absent from that fit.,Not available in the locked DILIrank source; no post hoc class was inferred.
LT00240,Etodolac,vMost-DILI-concern,scaffold:c1ccc2c3c([nH]c2c1)COCC3,D,0.626913052549502,0.5667036971902292,2,0,5,0.6389823691124226,0.5556890682147535,0,0.4,0.0,none,rules-applied-pending-independent-review,exact-name,exact-title-among-candidates,not applicable,Outer-fold out-of-fold prediction; molecule and its chemical group were absent from that fit.,Not available in the locked DILIrank source; no post hoc class was inferred.
LT00560,Ibufenac,vMost-DILI-concern,scaffold:c1ccccc1,C,0.6274814974804312,0.4870488550075541,2,0,5,0.5491940510918963,0.4380169080256727,0,0.4,0.0,none,rules-applied-pending-independent-review,exact-name,exact-title-among-candidates,not applicable,Outer-fold out-of-fold prediction; molecule and its chemical group were absent from that fit.,Not available in the locked DILIrank source; no post hoc class was inferred.
LT00693,Aplaviroc,vMost-DILI-concern,scaffold:O=C1NC2(CCN(Cc3ccc(Oc4ccccc4)cc3)CC2)C(=O)NC1CC1CCCCC1,C,0.6347773182286612,0.5715801339297482,2,0,5,0.5932581320252286,0.4555190198394318,0,0.4,0.0,none,rules-applied-pending-independent-review,exact-name,exact-title-among-candidates,not applicable,Outer-fold out-of-fold prediction; molecule and its chemical group were absent from that fit.,Not available in the locked DILIrank source; no post hoc class was inferred.
LT01202,Bortezomib,vMost-DILI-concern,scaffold:O=C(NCCc1ccccc1)c1cnccn1,A,0.6563396608442907,0.6201207380824448,2,2,5,0.6639499905943218,0.6477087958879679,0,0.4,0.4,none,rules-applied-pending-independent-review,exact-name,exact-title-among-candidates,not applicable,Outer-fold out-of-fold prediction; molecule and its chemical group were absent from that fit.,Not available in the locked DILIrank source; no post hoc class was inferred.
LT00394,Exemestane,vMost-DILI-concern,scaffold:C=C1CC2C(CCC3C(=O)CCC32)C2C=CC(=O)C=C12,D,0.6568365674889104,0.539960160279518,2,0,5,0.6365438128200853,0.5476744894849079,0,0.4,0.0,none,rules-applied-pending-independent-review,exact-name,exact-title-among-candidates,not applicable,Outer-fold out-of-fold prediction; molecule and its chemical group were absent from that fit.,Not available in the locked DILIrank source; no post hoc class was inferred.
LT02121,Nandrolone phenpropionate,vMost-DILI-concern,scaffold:O=C1C=C2CCC3C(CCC4C(OC(=O)CCc5ccccc5)CCC43)C2CC1,B,0.6668750465467668,0.6078381801086042,2,1,5,0.6706494687697065,0.6529227151120173,0,0.4,0.2,none,rules-applied-pending-independent-review,exact-name,unique-pubchem-name-result,not applicable,Outer-fold out-of-fold prediction; molecule and its chemical group were absent from that fit.,Not available in the locked DILIrank source; no post hoc class was inferred.
LT00003,Mercaptopurine,vMost-DILI-concern,scaffold:S=c1nc[nH]c2nc[nH]c12,D,0.6684134117900543,0.5534707692098998,2,0,5,0.6742582744546979,0.5659811309456919,0,0.4,0.0,none,rules-applied-pending-independent-review,exact-name,unique-pubchem-name-result,not applicable,Outer-fold out-of-fold prediction; molecule and its chemical group were absent from that fit.,Not available in the locked DILIrank source; no post hoc class was inferred.
LT00240,Etodolac,vMost-DILI-concern,scaffold:c1ccc2c3c([nH]c2c1)COCC3,A,0.67101951075952,0.6443165155097446,2,1,5,0.6744875155249208,0.6556915182329092,0,0.4,0.2,none,rules-applied-pending-independent-review,exact-name,exact-title-among-candidates,not applicable,Outer-fold out-of-fold prediction; molecule and its chemical group were absent from that fit.,Not available in the locked DILIrank source; no post hoc class was inferred.
LT00020,Gemfibrozil,vMost-DILI-concern,scaffold:c1ccccc1,A,0.6794177404914035,0.640435537062281,2,1,5,0.6606905570027898,0.6454610823680577,0,0.4,0.2,none,rules-applied-pending-independent-review,exact-name,exact-title-among-candidates,not applicable,Outer-fold out-of-fold prediction; molecule and its chemical group were absent from that fit.,Not available in the locked DILIrank source; no post hoc class was inferred.
LT00097,Felbamate,vMost-DILI-concern,scaffold:c1ccccc1,B,0.6828608753766593,0.6434306058578392,2,1,5,0.6682593098387628,0.6366867563383535,0,0.4,0.2,none,rules-applied-pending-independent-review,exact-name,exact-title-among-candidates,not applicable,Outer-fold out-of-fold prediction; molecule and its chemical group were absent from that fit.,Not available in the locked DILIrank source; no post hoc class was inferred.
LT01574,Moxisylyte,vMost-DILI-concern,scaffold:c1ccccc1,B,0.6971341688286606,0.6750033659872646,2,0,5,0.6682593098387628,0.6366867563383535,0,0.4,0.0,none,rules-applied-pending-independent-review,exact-name,exact-title-among-candidates,not applicable,Outer-fold out-of-fold prediction; molecule and its chemical group were absent from that fit.,Not available in the locked DILIrank source; no post hoc class was inferred.
LT02216,Orlistat,vMost-DILI-concern,scaffold:O=C1CCO1,B,0.7026781392133025,0.5464408256250363,2,1,5,0.6863381825422119,0.6556826911400508,0,0.4,0.2,none,rules-applied-pending-independent-review,exact-name,exact-title-among-candidates,not applicable,Outer-fold out-of-fold prediction; molecule and its chemical group were absent from that fit.,Not available in the locked DILIrank source; no post hoc class was inferred.
LT01222,Tigecycline,vMost-DILI-concern,scaffold:O=C1C=CC2C(=O)C3=Cc4ccccc4CC3CC2C1,A,0.7039381738151232,0.643568301255125,2,0,5,0.6971072199280626,0.6440317789569457,0,0.4,0.0,none,rules-applied-pending-independent-review,exact-name,exact-title-among-candidates,not applicable,Outer-fold out-of-fold prediction; molecule and its chemical group were absent from that fit.,Not available in the locked DILIrank source; no post hoc class was inferred.
LT01611,Nomifensine,vMost-DILI-concern,scaffold:c1ccc(C2CNCc3ccccc32)cc1,A,0.7108725685642991,0.6874186809256054,2,0,5,0.6902947858554166,0.6441526241268958,0,0.4,0.0,none,rules-applied-pending-independent-review,exact-name,exact-title-among-candidates,not applicable,Outer-fold out-of-fold prediction; molecule and its chemical group were absent from that fit.,Not available in the locked DILIrank source; no post hoc class was inferred.
LT01874,Zimelidine,vMost-DILI-concern,scaffold:C=C(c1ccccc1)c1cccnc1,B,0.711936311570145,0.6282888034820379,2,1,5,0.6705732243670895,0.6493840991146483,0,0.4,0.2,none,rules-applied-pending-independent-review,exact-name,exact-title-among-candidates,not applicable,Outer-fold out-of-fold prediction; molecule and its chemical group were absent from that fit.,Not available in the locked DILIrank source; no post hoc class was inferred.
LT00696,Isaxonine,vMost-DILI-concern,scaffold:c1cncnc1,A,0.714946779400379,0.6823165264550243,2,0,5,0.6958888700797805,0.6530607972865973,0,0.4,0.0,none,rules-applied-pending-independent-review,exact-name,unique-pubchem-name-result,not applicable,Outer-fold out-of-fold prediction; molecule and its chemical group were absent from that fit.,Not available in the locked DILIrank source; no post hoc class was inferred.
LT01594,Nialamide,vMost-DILI-concern,scaffold:O=C(CCNNC(=O)c1ccncc1)NCc1ccccc1,B,0.7192409550493208,0.6154963512316831,2,1,5,0.7060944096679694,0.6560864658361721,0,0.4,0.2,none,rules-applied-pending-independent-review,exact-name,exact-title-among-candidates,not applicable,Outer-fold out-of-fold prediction; molecule and its chemical group were absent from that fit.,Not available in the locked DILIrank source; no post hoc class was inferred.
LT00032,Phenytoin,vMost-DILI-concern,scaffold:O=C1NC(=O)C(c2ccccc2)(c2ccccc2)N1,A,0.720443445749941,0.6668801160874167,2,0,5,0.7031892612886127,0.6513990568061242,0,0.4,0.0,none,rules-applied-pending-independent-review,exact-name,exact-title-among-candidates,not applicable,Outer-fold out-of-fold prediction; molecule and its chemical group were absent from that fit.,Not available in the locked DILIrank source; no post hoc class was inferred.
LT00234,Isotretinoin,vMost-DILI-concern,scaffold:C1=CCCCC1,A,0.7211926565983019,0.6807449693688072,2,0,5,0.7180380141590273,0.6493192180783407,0,0.4,0.0,none,rules-applied-pending-independent-review,exact-name,exact-title-among-candidates,not applicable,Outer-fold out-of-fold prediction; molecule and its chemical group were absent from that fit.,Not available in the locked DILIrank source; no post hoc class was inferred.
LT00168,Troglitazone,vMost-DILI-concern,scaffold:O=C1NC(=O)C(Cc2ccc(OCC3CCc4ccccc4O3)cc2)S1,D,0.7228212077344957,0.6125606344440127,2,0,5,0.6978659275161003,0.5911339656222303,0,0.4,0.0,none,rules-applied-pending-independent-review,exact-name,exact-title-among-candidates,not applicable,Outer-fold out-of-fold prediction; molecule and its chemical group were absent from that fit.,Not available in the locked DILIrank source; no post hoc class was inferred.
LT00046,Amiodarone hydrochloride,vMost-DILI-concern,scaffold:O=C(c1ccccc1)c1coc2ccccc12,A,0.7278555528763473,0.6592334672813339,2,0,5,0.685058529015308,0.6438136647204916,0,0.4,0.0,PUBCHEM_ACTIVE_MOIETY_EQUIVALENCE_CONFIRMED,rules-applied-pending-independent-review,exact-name,exact-title-among-candidates,compound-name-suffix-resolved-to-unique-or-exact-PubChem-active,Outer-fold out-of-fold prediction; molecule and its chemical group were absent from that fit.,Not available in the locked DILIrank source; no post hoc class was inferred.
LT00032,Phenytoin,vMost-DILI-concern,scaffold:O=C1NC(=O)C(c2ccccc2)(c2ccccc2)N1,B,0.7286388007378639,0.6741496008528556,2,1,5,0.6996112382898203,0.6615179848041108,0,0.4,0.2,none,rules-applied-pending-independent-review,exact-name,exact-title-among-candidates,not applicable,Outer-fold out-of-fold prediction; molecule and its chemical group were absent from that fit.,Not available in the locked DILIrank source; no post hoc class was inferred.
LT01874,Zimelidine,vMost-DILI-concern,scaffold:C=C(c1ccccc1)c1cccnc1,A,0.7326199808324411,0.7041403811493925,2,0,5,0.6987569634435431,0.6487344935897931,0,0.4,0.0,none,rules-applied-pending-independent-review,exact-name,exact-title-among-candidates,not applicable,Outer-fold out-of-fold prediction; molecule and its chemical group were absent from that fit.,Not available in the locked DILIrank source; no post hoc class was inferred.
LT00056,Bicalutamide,vMost-DILI-concern,scaffold:O=C(CCS(=O)(=O)c1ccccc1)Nc1ccccc1,D,0.7355730759230765,0.6135563473890276,2,0,5,0.6847221480015943,0.5743804663776043,0,0.4,0.0,none,rules-applied-pending-independent-review,exact-name,exact-title-among-candidates,not applicable,Outer-fold out-of-fold prediction; molecule and its chemical group were absent from that fit.,Not available in the locked DILIrank source; no post hoc class was inferred.
LT00580,Methimazole,vMost-DILI-concern,scaffold:S=c1[nH]cc[nH]1,D,0.7361783179502274,0.561458999910424,2,1,5,0.7448273182950517,0.5875899810894323,0,0.4,0.2,none,rules-applied-pending-independent-review,exact-name,exact-title-among-candidates,not applicable,Outer-fold out-of-fold prediction; molecule and its chemical group were absent from that fit.,Not available in the locked DILIrank source; no post hoc class was inferred.
LT00694,Clomacran,vMost-DILI-concern,scaffold:c1ccc2c(c1)Cc1ccccc1N2,B,0.7372990575620938,0.6244051815634524,2,1,5,0.6731594676837498,0.6505582221710166,0,0.4,0.2,none,rules-applied-pending-independent-review,exact-name,unique-pubchem-name-result,not applicable,Outer-fold out-of-fold prediction; molecule and its chemical group were absent from that fit.,Not available in the locked DILIrank source; no post hoc class was inferred.
LT01867,Xenazoic acid,vMost-DILI-concern,scaffold:O=C(CNc1ccccc1)c1ccc(-c2ccccc2)cc1,D,0.7379631365790267,0.7160869070206536,2,0,5,0.7425108196039385,0.5887338838964066,0,0.4,0.0,none,rules-applied-pending-independent-review,exact-name,unique-pubchem-name-result,not applicable,Outer-fold out-of-fold prediction; molecule and its chemical group were absent from that fit.,Not available in the locked DILIrank source; no post hoc class was inferred.
LT00124,Nefazodone hydrochloride,vMost-DILI-concern,scaffold:O=c1n(CCOc2ccccc2)cnn1CCCN1CCN(c2ccccc2)CC1,A,0.7393241119953804,0.721417859707126,2,0,5,0.6957623197422116,0.6450373511260967,0,0.4,0.0,PUBCHEM_ACTIVE_MOIETY_EQUIVALENCE_CONFIRMED,rules-applied-pending-independent-review,exact-name,exact-title-among-candidates,compound-name-suffix-resolved-to-unique-or-exact-PubChem-active,Outer-fold out-of-fold prediction; molecule and its chemical group were absent from that fit.,Not available in the locked DILIrank source; no post hoc class was inferred.
LT00034,Rifampin,vMost-DILI-concern,scaffold:O=C1C=CC=CCCCCCCCCC=COC2Oc3ccc4cc(c(C=NN5CCNCC5)cc4c3C2=O)N1,D,0.7490199156886493,0.6568977446256032,2,0,5,0.7150897994629821,0.5851523537986305,0,0.4,0.0,none,rules-applied-pending-independent-review,exact-name,unique-pubchem-name-result,not applicable,Outer-fold out-of-fold prediction; molecule and its chemical group were absent from that fit.,Not available in the locked DILIrank source; no post hoc class was inferred.
LT00187,Clarithromycin,vMost-DILI-concern,scaffold:O=C1CCCCOC(=O)CC(OC2CCCCO2)CC(OC2CCCCO2)CCC1,B,0.7567196015763903,0.6414454044702761,2,0,5,0.7059879595750257,0.6595918516980268,0,0.4,0.0,none,rules-applied-pending-independent-review,exact-name,exact-title-among-candidates,not applicable,Outer-fold out-of-fold prediction; molecule and its chemical group were absent from that fit.,Not available in the locked DILIrank source; no post hoc class was inferred.
LT00106,Hydroxyurea,vMost-DILI-concern,acyclic:0031,A,0.7626600892005893,0.7067574204149233,2,0,5,0.7004066738649991,0.6451500298265328,0,0.4,0.0,none,rules-applied-pending-independent-review,exact-name,exact-title-among-candidates,not applicable,Outer-fold out-of-fold prediction; molecule and its chemical group were absent from that fit.,Not available in the locked DILIrank source; no post hoc class was inferred.
LT00287,Clozapine,vMost-DILI-concern,scaffold:c1ccc2c(c1)N=C(N1CCNCC1)c1ccccc1N2,A,0.7642530024937034,0.7284257320090437,2,0,5,0.7209967271408833,0.6612963643791739,0,0.4,0.0,none,rules-applied-pending-independent-review,exact-name,exact-title-among-candidates,not applicable,Outer-fold out-of-fold prediction; molecule and its chemical group were absent from that fit.,Not available in the locked DILIrank source; no post hoc class was inferred.
LT00099,Fenoprofen calcium,vMost-DILI-concern,scaffold:c1ccc(Oc2ccccc2)cc1,C,0.536302108197303,0.4949885468196278,1,0,5,0.5009633128057949,0.4489354197986336,0,0.2,0.0,MANUAL_ACTIVE_MOIETY_OVERRIDE,rules-applied-pending-independent-review,exact-name,exact-title-among-candidates,Calcium is the counterion; PubChem CID 3342 is the named active moiety.,Outer-fold out-of-fold prediction; molecule and its chemical group were absent from that fit.,Not available in the locked DILIrank source; no post hoc class was inferred.
LT01400,Fosphenytoin sodium,vMost-DILI-concern,scaffold:O=C1NC(=O)C(c2ccccc2)(c2ccccc2)N1,C,0.5472008159690359,0.4545206742381721,1,0,5,0.5069630743795203,0.453361153672614,0,0.2,0.0,PUBCHEM_ACTIVE_MOIETY_EQUIVALENCE_CONFIRMED,rules-applied-pending-independent-review,exact-name,exact-title-among-candidates,compound-name-suffix-resolved-to-unique-or-exact-PubChem-active,Outer-fold out-of-fold prediction; molecule and its chemical group were absent from that fit.,Not available in the locked DILIrank source; no post hoc class was inferred.
LT01816,suloctidil,vMost-DILI-concern,scaffold:c1ccccc1,C,0.5745846073170877,0.5135296262314412,1,0,5,0.5491940510918963,0.4380169080256727,0,0.2,0.0,none,rules-applied-pending-independent-review,exact-name,exact-title-among-candidates,not applicable,Outer-fold out-of-fold prediction; molecule and its chemical group were absent from that fit.,Not available in the locked DILIrank source; no post hoc class was inferred.
LT01121,Benziodarone,vMost-DILI-concern,scaffold:O=C(c1ccccc1)c1coc2ccccc12,C,0.5780457954393762,0.5102849395662427,1,0,5,0.5231095923512034,0.45127239233207994,0,0.2,0.0,none,rules-applied-pending-independent-review,exact-name,exact-title-among-candidates,not applicable,Outer-fold out-of-fold prediction; molecule and its chemical group were absent from that fit.,Not available in the locked DILIrank source; no post hoc class was inferred.
LT00144,Stavudine,vMost-DILI-concern,scaffold:O=c1ccn(C2C=CCO2)c(=O)[nH]1,C,0.5814995180066834,0.498621909289453,1,0,5,0.5548012143009745,0.4676847444493376,0,0.2,0.0,none,rules-applied-pending-independent-review,exact-name,exact-title-among-candidates,not applicable,Outer-fold out-of-fold prediction; molecule and its chemical group were absent from that fit.,Not available in the locked DILIrank source; no post hoc class was inferred.
LT00067,Chlorzoxazone,vMost-DILI-concern,scaffold:O=c1[nH]c2ccccc2o1,C,0.5897839060519109,0.4791116764081418,1,0,5,0.5326555033025563,0.4503632720347725,0,0.2,0.0,none,rules-applied-pending-independent-review,exact-name,exact-title-among-candidates,not applicable,Outer-fold out-of-fold prediction; molecule and its chemical group were absent from that fit.,Not available in the locked DILIrank source; no post hoc class was inferred.
LT01220,Tipranavir,vMost-DILI-concern,scaffold:O=C1OC(CCc2ccccc2)CC=C1Cc1cccc(NS(=O)(=O)c2ccccn2)c1,C,0.590380802632951,0.5060675879664941,1,0,5,0.5341156198605226,0.4490966440951502,0,0.2,0.0,none,rules-applied-pending-independent-review,exact-name,exact-title-among-candidates,not applicable,Outer-fold out-of-fold prediction; molecule and its chemical group were absent from that fit.,Not available in the locked DILIrank source; no post hoc class was inferred.
LT00182,Itraconazole,vMost-DILI-concern,scaffold:O=c1[nH]ncn1-c1ccc(N2CCN(c3ccc(OCC4COC(Cn5cncn5)(c5ccccc5)O4)cc3)CC2)cc1,C,0.5911497049200068,0.514703729904001,1,0,5,0.5450125124761731,0.4517796959236703,0,0.2,0.0,none,rules-applied-pending-independent-review,exact-name,exact-title-among-candidates,not applicable,Outer-fold out-of-fold prediction; molecule and its chemical group were absent from that fit.,Not available in the locked DILIrank source; no post hoc class was inferred.
LT00163,Zidovudine,vMost-DILI-concern,scaffold:O=c1ccn(C2CCCO2)c(=O)[nH]1,C,0.5967593883613695,0.5481634669740502,1,0,5,0.5236440884806022,0.45900811425408056,0,0.2,0.0,none,rules-applied-pending-independent-review,exact-name,exact-title-among-candidates,not applicable,Outer-fold out-of-fold prediction; molecule and its chemical group were absent from that fit.,Not available in the locked DILIrank source; no post hoc class was inferred.
LT00701,Fiduxosin,vMost-DILI-concern,scaffold:O=c1[nH]c2c(sc3ncc(-c4ccccc4)nc32)c(=O)n1CCCCN1CC2COc3ccccc3C2C1,C,0.6022062540217932,0.526302407656228,1,0,5,0.5125603555669723,0.4658210763477489,0,0.2,0.0,none,rules-applied-pending-independent-review,exact-name,exact-title-among-candidates,not applicable,Outer-fold out-of-fold prediction; molecule and its chemical group were absent from that fit.,Not available in the locked DILIrank source; no post hoc class was inferred.
LT00694,Clomacran,vMost-DILI-concern,scaffold:c1ccc2c(c1)Cc1ccccc1N2,C,0.6144185731375325,0.5462850529971248,1,0,5,0.5519893787420823,0.4581815019858514,0,0.2,0.0,none,rules-applied-pending-independent-review,exact-name,unique-pubchem-name-result,not applicable,Outer-fold out-of-fold prediction; molecule and its chemical group were absent from that fit.,Not available in the locked DILIrank source; no post hoc class was inferred.
LT01637,Papaverine hydrochloride,vMost-DILI-concern,scaffold:c1ccc(Cc2nccc3ccccc23)cc1,C,0.6218443668286866,0.5346883324301768,1,0,5,0.5670416723445876,0.451542327876453,0,0.2,0.0,PUBCHEM_ACTIVE_MOIETY_EQUIVALENCE_CONFIRMED,rules-applied-pending-independent-review,exact-name,exact-title-among-candidates,compound-name-suffix-resolved-to-unique-or-exact-PubChem-active,Outer-fold out-of-fold prediction; molecule and its chemical group were absent from that fit.,Not available in the locked DILIrank source; no post hoc class was inferred.
LT01867,Xenazoic acid,vMost-DILI-concern,scaffold:O=C(CNc1ccccc1)c1ccc(-c2ccccc2)cc1,C,0.6289333056787164,0.584153794823378,1,0,5,0.576657735100302,0.4560222392734108,0,0.2,0.0,none,rules-applied-pending-independent-review,exact-name,unique-pubchem-name-result,not applicable,Outer-fold out-of-fold prediction; molecule and its chemical group were absent from that fit.,Not available in the locked DILIrank source; no post hoc class was inferred.
LT00312,Niacin,vMost-DILI-concern,scaffold:c1ccncc1,D,0.6340369398554941,0.5361554062918445,1,0,5,0.6137787316238206,0.5476326930795279,0,0.2,0.0,none,rules-applied-pending-independent-review,exact-name,unique-pubchem-name-result,not applicable,Outer-fold out-of-fold prediction; molecule and its chemical group were absent from that fit.,Not available in the locked DILIrank source; no post hoc class was inferred.
LT00234,Isotretinoin,vMost-DILI-concern,scaffold:C1=CCCCC1,C,0.6403039275582014,0.4872422297350212,1,0,5,0.5230053682214739,0.46057536621699346,0,0.2,0.0,none,rules-applied-pending-independent-review,exact-name,exact-title-among-candidates,not applicable,Outer-fold out-of-fold prediction; molecule and its chemical group were absent from that fit.,Not available in the locked DILIrank source; no post hoc class was inferred.
LT02110,Mepazine,vMost-DILI-concern,scaffold:c1ccc2c(c1)Sc1ccccc1N2CC1CCCNC1,D,0.6404318985767794,0.5767156763975695,1,0,5,0.6261575991575518,0.5409932492109151,0,0.2,0.0,none,rules-applied-pending-independent-review,exact-name,unique-pubchem-name-result,not applicable,Outer-fold out-of-fold prediction; molecule and its chemical group were absent from that fit.,Not available in the locked DILIrank source; no post hoc class was inferred.
LT00156,Tolcapone,vMost-DILI-concern,scaffold:O=C(c1ccccc1)c1ccccc1,C,0.6412089482245387,0.5863237135042909,1,0,5,0.5570014945421725,0.4508551114687508,0,0.2,0.0,none,rules-applied-pending-independent-review,exact-name,exact-title-among-candidates,not applicable,Outer-fold out-of-fold prediction; molecule and its chemical group were absent from that fit.,Not available in the locked DILIrank source; no post hoc class was inferred.
LT00560,Ibufenac,vMost-DILI-concern,scaffold:c1ccccc1,A,0.6708944583506324,0.651220588664628,1,0,5,0.6606905570027898,0.6454610823680577,0,0.2,0.0,none,rules-applied-pending-independent-review,exact-name,exact-title-among-candidates,not applicable,Outer-fold out-of-fold prediction; molecule and its chemical group were absent from that fit.,Not available in the locked DILIrank source; no post hoc class was inferred.
LT01553,Mexiletine hydrochloride,vMost-DILI-concern,scaffold:c1ccccc1,A,0.6717657269020646,0.6479519682391726,1,0,5,0.6606905570027898,0.6454610823680577,0,0.2,0.0,PUBCHEM_ACTIVE_MOIETY_EQUIVALENCE_CONFIRMED,rules-applied-pending-independent-review,exact-name,exact-title-among-candidates,compound-name-suffix-resolved-to-unique-or-exact-PubChem-active,Outer-fold out-of-fold prediction; molecule and its chemical group were absent from that fit.,Not available in the locked DILIrank source; no post hoc class was inferred.
LT00649,Zileuton,vMost-DILI-concern,scaffold:c1ccc2sccc2c1,D,0.681256375455497,0.5713679062519226,1,0,5,0.633834607641256,0.533011139602155,0,0.2,0.0,none,rules-applied-pending-independent-review,exact-name,exact-title-among-candidates,not applicable,Outer-fold out-of-fold prediction; molecule and its chemical group were absent from that fit.,Not available in the locked DILIrank source; no post hoc class was inferred.
LT00703,Phenoxypropazine,vMost-DILI-concern,scaffold:c1ccccc1,A,0.6819068808155556,0.6588545388890023,1,0,5,0.6606905570027898,0.6454610823680577,0,0.2,0.0,none,rules-applied-pending-independent-review,exact-name,exact-title-among-candidates,not applicable,Outer-fold out-of-fold prediction; molecule and its chemical group were absent from that fit.,Not available in the locked DILIrank source; no post hoc class was inferred.
LT00694,Clomacran,vMost-DILI-concern,scaffold:c1ccc2c(c1)Cc1ccccc1N2,D,0.6943878630824512,0.6251571779817485,1,0,5,0.6520237060797316,0.552976235679142,0,0.2,0.0,none,rules-applied-pending-independent-review,exact-name,unique-pubchem-name-result,not applicable,Outer-fold out-of-fold prediction; molecule and its chemical group were absent from that fit.,Not available in the locked DILIrank source; no post hoc class was inferred.
LT00155,Tizanidine hydrochloride,vMost-DILI-concern,scaffold:c1cc(NC2=NCCN2)c2nsnc2c1,D,0.6949682579333173,0.6391825580009199,1,0,5,0.618183913131286,0.5496732334549914,0,0.2,0.0,PUBCHEM_ACTIVE_MOIETY_EQUIVALENCE_CONFIRMED,rules-applied-pending-independent-review,exact-name,exact-title-among-candidates,compound-name-suffix-resolved-to-unique-or-exact-PubChem-active,Outer-fold out-of-fold prediction; molecule and its chemical group were absent from that fit.,Not available in the locked DILIrank source; no post hoc class was inferred.
LT00558,Griseofulvin,vMost-DILI-concern,scaffold:O=C1C=CC2(CC1)Oc1ccccc1C2=O,D,0.6972871055835279,0.5552116394528475,1,0,5,0.681245808744271,0.5892386691421558,0,0.2,0.0,none,rules-applied-pending-independent-review,exact-name,exact-title-among-candidates,not applicable,Outer-fold out-of-fold prediction; molecule and its chemical group were absent from that fit.,Not available in the locked DILIrank source; no post hoc class was inferred.
LT01202,Bortezomib,vMost-DILI-concern,scaffold:O=C(NCCc1ccccc1)c1cnccn1,D,0.7008549386030241,0.6299347116682307,1,0,5,0.6360416823542941,0.5544353104555269,0,0.2,0.0,none,rules-applied-pending-independent-review,exact-name,exact-title-among-candidates,not applicable,Outer-fold out-of-fold prediction; molecule and its chemical group were absent from that fit.,Not available in the locked DILIrank source; no post hoc class was inferred.
LT00040,Abacavir sulfate,vMost-DILI-concern,scaffold:C1=CC(n2cnc3c(NC4CC4)ncnc32)CC1,D,0.703791761379932,0.6030108561244377,1,0,5,0.6609040657548899,0.5796423943139396,0,0.2,0.0,PUBCHEM_ACTIVE_MOIETY_EQUIVALENCE_CONFIRMED,rules-applied-pending-independent-review,exact-name,exact-title-among-candidates,compound-name-suffix-resolved-to-unique-or-exact-PubChem-active,Outer-fold out-of-fold prediction; molecule and its chemical group were absent from that fit.,Not available in the locked DILIrank source; no post hoc class was inferred.
LT00227,Ticlopidine hydrochloride,vMost-DILI-concern,scaffold:c1ccc(CN2CCc3sccc3C2)cc1,A,0.7066104015759398,0.6751311670515547,1,0,5,0.6693358849899964,0.6495795773965254,0,0.2,0.0,PUBCHEM_ACTIVE_MOIETY_EQUIVALENCE_CONFIRMED,rules-applied-pending-independent-review,exact-name,exact-title-among-candidates,compound-name-suffix-resolved-to-unique-or-exact-PubChem-active,Outer-fold out-of-fold prediction; molecule and its chemical group were absent from that fit.,Not available in the locked DILIrank source; no post hoc class was inferred.
LT00004,Acetaminophen,vMost-DILI-concern,scaffold:c1ccccc1,D,0.7072531939108799,0.6476227937905855,1,0,5,0.6662180166175714,0.5505540108303971,0,0.2,0.0,none,rules-applied-pending-independent-review,exact-name,exact-title-among-candidates,not applicable,Outer-fold out-of-fold prediction; molecule and its chemical group were absent from that fit.,Not available in the locked DILIrank source; no post hoc class was inferred.
LT00690,Oxyphenisatin,vMost-DILI-concern,scaffold:O=C1Nc2ccccc2C1(c1ccccc1)c1ccccc1,D,0.7095017293741712,0.6196865899594953,1,0,5,0.6669684105087733,0.5774707838181483,0,0.2,0.0,none,rules-applied-pending-independent-review,exact-name,exact-title-among-candidates,not applicable,Outer-fold out-of-fold prediction; molecule and its chemical group were absent from that fit.,Not available in the locked DILIrank source; no post hoc class was inferred.
LT00040,Abacavir sulfate,vMost-DILI-concern,scaffold:C1=CC(n2cnc3c(NC4CC4)ncnc32)CC1,A,0.7101333819344131,0.665997527038625,1,0,5,0.676484668087368,0.6569239480885198,0,0.2,0.0,PUBCHEM_ACTIVE_MOIETY_EQUIVALENCE_CONFIRMED,rules-applied-pending-independent-review,exact-name,exact-title-among-candidates,compound-name-suffix-resolved-to-unique-or-exact-PubChem-active,Outer-fold out-of-fold prediction; molecule and its chemical group were absent from that fit.,Not available in the locked DILIrank source; no post hoc class was inferred.
LT01816,suloctidil,vMost-DILI-concern,scaffold:c1ccccc1,D,0.7116727378265426,0.562044183971269,1,0,5,0.6662180166175714,0.5505540108303971,0,0.2,0.0,none,rules-applied-pending-independent-review,exact-name,exact-title-among-candidates,not applicable,Outer-fold out-of-fold prediction; molecule and its chemical group were absent from that fit.,Not available in the locked DILIrank source; no post hoc class was inferred.
LT00152,Tamoxifen citrate,vMost-DILI-concern,scaffold:C(=C(c1ccccc1)c1ccccc1)c1ccccc1,B,0.7124208219153617,0.6220629691705967,1,1,5,0.6881902344360593,0.663961212578372,0,0.2,0.2,PUBCHEM_ACTIVE_MOIETY_EQUIVALENCE_CONFIRMED,rules-applied-pending-independent-review,exact-name,exact-title-among-candidates,compound-name-suffix-resolved-to-unique-or-exact-PubChem-active,Outer-fold out-of-fold prediction; molecule and its chemical group were absent from that fit.,Not available in the locked DILIrank source; no post hoc class was inferred.
LT00691,Tilbroquinol,vMost-DILI-concern,scaffold:c1ccc2ncccc2c1,D,0.7158286824354685,0.6258284281255699,1,0,5,0.6889820282865822,0.5676802282859846,0,0.2,0.0,none,rules-applied-pending-independent-review,exact-name,exact-title-among-candidates,not applicable,Outer-fold out-of-fold prediction; molecule and its chemical group were absent from that fit.,Not available in the locked DILIrank source; no post hoc class was inferred.
LT01869,Zafirlukast,vMost-DILI-concern,scaffold:O=C(Nc1ccc2[nH]cc(Cc3ccc(C(=O)NS(=O)(=O)c4ccccc4)cc3)c2c1)OC1CCCC1,B,0.7232719674615348,0.6040115708437704,1,1,5,0.6896558380679791,0.6466416364389078,0,0.2,0.2,none,rules-applied-pending-independent-review,exact-name,exact-title-among-candidates,not applicable,Outer-fold out-of-fold prediction; molecule and its chemical group were absent from that fit.,Not available in the locked DILIrank source; no post hoc class was inferred.
LT00394,Exemestane,vMost-DILI-concern,scaffold:C=C1CC2C(CCC3C(=O)CCC32)C2C=CC(=O)C=C12,B,0.7241259929670749,0.6298578961294136,1,1,5,0.7110519366317498,0.6491658114119201,0,0.2,0.2,none,rules-applied-pending-independent-review,exact-name,exact-title-among-candidates,not applicable,Outer-fold out-of-fold prediction; molecule and its chemical group were absent from that fit.,Not available in the locked DILIrank source; no post hoc class was inferred.
LT01680,Pirprofen,vMost-DILI-concern,scaffold:C1=CCN(c2ccccc2)C1,A,0.7247209102308038,0.7137399186648982,1,0,5,0.677451303619981,0.6461230126884356,0,0.2,0.0,none,rules-applied-pending-independent-review,exact-name,exact-title-among-candidates,not applicable,Outer-fold out-of-fold prediction; molecule and its chemical group were absent from that fit.,Not available in the locked DILIrank source; no post hoc class was inferred.
LT01407,Gemcitabine hydrochloride,vMost-DILI-concern,scaffold:O=c1ncccn1C1CCCO1,D,0.7286471111536956,0.580902067963104,1,0,5,0.6719289750040637,0.5526850675385293,0,0.2,0.0,PUBCHEM_ACTIVE_MOIETY_EQUIVALENCE_CONFIRMED,rules-applied-pending-independent-review,exact-name,exact-title-among-candidates,compound-name-suffix-resolved-to-unique-or-exact-PubChem-active,Outer-fold out-of-fold prediction; molecule and its chemical group were absent from that fit.,Not available in the locked DILIrank source; no post hoc class was inferred.
LT00109,Iproniazid,vMost-DILI-concern,scaffold:c1ccncc1,B,0.7289928795119657,0.6848611309555044,1,0,5,0.6987794327437701,0.6563370447110639,0,0.2,0.0,none,rules-applied-pending-independent-review,exact-name,exact-title-among-candidates,not applicable,Outer-fold out-of-fold prediction; molecule and its chemical group were absent from that fit.,Not available in the locked DILIrank source; no post hoc class was inferred.
LT01400,Fosphenytoin sodium,vMost-DILI-concern,scaffold:O=C1NC(=O)C(c2ccccc2)(c2ccccc2)N1,D,0.7309597911873903,0.5563921041559837,1,0,5,0.6802029867935899,0.5815935050545058,0,0.2,0.0,PUBCHEM_ACTIVE_MOIETY_EQUIVALENCE_CONFIRMED,rules-applied-pending-independent-review,exact-name,exact-title-among-candidates,compound-name-suffix-resolved-to-unique-or-exact-PubChem-active,Outer-fold out-of-fold prediction; molecule and its chemical group were absent from that fit.,Not available in the locked DILIrank source; no post hoc class was inferred.
LT01488,Levofloxacin,vMost-DILI-concern,scaffold:O=c1ccn2c3c(c(N4CCNCC4)ccc13)OCC2,A,0.7310462815462753,0.707350880905669,1,0,5,0.6874902363866635,0.6443651948174963,0,0.2,0.0,none,rules-applied-pending-independent-review,exact-name,exact-title-among-candidates,not applicable,Outer-fold out-of-fold prediction; molecule and its chemical group were absent from that fit.,Not available in the locked DILIrank source; no post hoc class was inferred.
LT00701,Fiduxosin,vMost-DILI-concern,scaffold:O=c1[nH]c2c(sc3ncc(-c4ccccc4)nc32)c(=O)n1CCCCN1CC2COc3ccccc3C2C1,D,0.7318885406397435,0.6625302061815094,1,0,5,0.667657793554255,0.5668031874350483,0,0.2,0.0,none,rules-applied-pending-independent-review,exact-name,exact-title-among-candidates,not applicable,Outer-fold out-of-fold prediction; molecule and its chemical group were absent from that fit.,Not available in the locked DILIrank source; no post hoc class was inferred.
LT00240,Etodolac,vMost-DILI-concern,scaffold:c1ccc2c3c([nH]c2c1)COCC3,B,0.7333727414468236,0.6822954393599169,1,0,5,0.7155876505830852,0.6544406455062604,0,0.2,0.0,none,rules-applied-pending-independent-review,exact-name,exact-title-among-candidates,not applicable,Outer-fold out-of-fold prediction; molecule and its chemical group were absent from that fit.,Not available in the locked DILIrank source; no post hoc class was inferred.
LT01064,Bexarotene,vMost-DILI-concern,scaffold:C=C(c1ccccc1)c1ccc2c(c1)CCCC2,A,0.7335900656743795,0.7022671552708565,1,0,5,0.7002563212560563,0.6490390353295059,0,0.2,0.0,none,rules-applied-pending-independent-review,exact-name,exact-title-among-candidates,not applicable,Outer-fold out-of-fold prediction; molecule and its chemical group were absent from that fit.,Not available in the locked DILIrank source; no post hoc class was inferred.
LT01241,Sorafenib tosylate,vMost-DILI-concern,scaffold:O=C(Nc1ccccc1)Nc1ccc(Oc2ccncc2)cc1,D,0.7346267823225479,0.6966281071703977,1,0,5,0.652550624554135,0.558344767327245,0,0.2,0.0,PUBCHEM_ACTIVE_MOIETY_EQUIVALENCE_CONFIRMED,rules-applied-pending-independent-review,exact-name,exact-title-among-candidates,compound-name-suffix-resolved-to-unique-or-exact-PubChem-active,Outer-fold out-of-fold prediction; molecule and its chemical group were absent from that fit.,Not available in the locked DILIrank source; no post hoc class was inferred.
LT02121,Nandrolone phenpropionate,vMost-DILI-concern,scaffold:O=C1C=C2CCC3C(CCC4C(OC(=O)CCc5ccccc5)CCC43)C2CC1,A,0.7360936515236796,0.6453628029969757,1,1,5,0.6677283577242868,0.6508732298117385,0,0.2,0.2,none,rules-applied-pending-independent-review,exact-name,unique-pubchem-name-result,not applicable,Outer-fold out-of-fold prediction; molecule and its chemical group were absent from that fit.,Not available in the locked DILIrank source; no post hoc class was inferred.
LT01214,Erlotinib hydrochloride,vMost-DILI-concern,scaffold:c1ccc(Nc2ncnc3ccccc23)cc1,D,0.7443884918012302,0.6128143563820987,1,0,5,0.6393354249842367,0.5662507507316572,0,0.2,0.0,PUBCHEM_ACTIVE_MOIETY_EQUIVALENCE_CONFIRMED,rules-applied-pending-independent-review,exact-name,exact-title-among-candidates,compound-name-suffix-resolved-to-unique-or-exact-PubChem-active,Outer-fold out-of-fold prediction; molecule and its chemical group were absent from that fit.,Not available in the locked DILIrank source; no post hoc class was inferred.
LT00690,Oxyphenisatin,vMost-DILI-concern,scaffold:O=C1Nc2ccccc2C1(c1ccccc1)c1ccccc1,A,0.7464105200902397,0.6939993452867225,1,0,5,0.7018405319645062,0.6465138042496055,0,0.2,0.0,none,rules-applied-pending-independent-review,exact-name,exact-title-among-candidates,not applicable,Outer-fold out-of-fold prediction; molecule and its chemical group were absent from that fit.,Not available in the locked DILIrank source; no post hoc class was inferred.
LT00416,Minocycline hydrochloride,vMost-DILI-concern,scaffold:O=C1C=CC2C(=O)C3=Cc4ccccc4CC3CC2C1,A,0.7475152358688959,0.7198448008359837,1,0,5,0.6971072199280626,0.6440317789569457,0,0.2,0.0,PUBCHEM_ACTIVE_MOIETY_EQUIVALENCE_CONFIRMED,rules-applied-pending-independent-review,exact-name,exact-title-among-candidates,compound-name-suffix-resolved-to-unique-or-exact-PubChem-active,Outer-fold out-of-fold prediction; molecule and its chemical group were absent from that fit.,Not available in the locked DILIrank source; no post hoc class was inferred.
LT01222,Tigecycline,vMost-DILI-concern,scaffold:O=C1C=CC2C(=O)C3=Cc4ccccc4CC3CC2C1,B,0.7502587411056549,0.6394878284042551,1,1,5,0.6939898030579215,0.6671362123472966,0,0.2,0.2,none,rules-applied-pending-independent-review,exact-name,exact-title-among-candidates,not applicable,Outer-fold out-of-fold prediction; molecule and its chemical group were absent from that fit.,Not available in the locked DILIrank source; no post hoc class was inferred.
LT00187,Clarithromycin,vMost-DILI-concern,scaffold:O=C1CCCCOC(=O)CC(OC2CCCCO2)CC(OC2CCCCO2)CCC1,A,0.7522799303235393,0.7075233698019499,1,0,5,0.685584836332981,0.6517904157243959,0,0.2,0.0,none,rules-applied-pending-independent-review,exact-name,exact-title-among-candidates,not applicable,Outer-fold out-of-fold prediction; molecule and its chemical group were absent from that fit.,Not available in the locked DILIrank source; no post hoc class was inferred.
LT00144,Stavudine,vMost-DILI-concern,scaffold:O=c1ccn(C2C=CCO2)c(=O)[nH]1,B,0.7531494288765129,0.6477461659951085,1,1,5,0.7061976659534116,0.6612873072766774,0,0.2,0.2,none,rules-applied-pending-independent-review,exact-name,exact-title-among-candidates,not applicable,Outer-fold out-of-fold prediction; molecule and its chemical group were absent from that fit.,Not available in the locked DILIrank source; no post hoc class was inferred.
LT00693,Aplaviroc,vMost-DILI-concern,scaffold:O=C1NC2(CCN(Cc3ccc(Oc4ccccc4)cc3)CC2)C(=O)NC1CC1CCCCC1,D,0.7557470452900766,0.6648348814285644,1,0,5,0.7100820707678539,0.5610536925780109,0,0.2,0.0,none,rules-applied-pending-independent-review,exact-name,exact-title-among-candidates,not applicable,Outer-fold out-of-fold prediction; molecule and its chemical group were absent from that fit.,Not available in the locked DILIrank source; no post hoc class was inferred.
LT00686,Lumiracoxib,vMost-DILI-concern,scaffold:c1ccc(Nc2ccccc2)cc1,A,0.7612594343236596,0.7486310384423772,1,0,5,0.6978525255463512,0.6559144541396366,0,0.2,0.0,none,rules-applied-pending-independent-review,exact-name,exact-title-among-candidates,not applicable,Outer-fold out-of-fold prediction; molecule and its chemical group were absent from that fit.,Not available in the locked DILIrank source; no post hoc class was inferred.
LT00168,Troglitazone,vMost-DILI-concern,scaffold:O=C1NC(=O)C(Cc2ccc(OCC3CCc4ccccc4O3)cc2)S1,B,0.7701658260538208,0.6567889454954193,1,0,5,0.7000435171307355,0.6565922768818544,0,0.2,0.0,none,rules-applied-pending-independent-review,exact-name,exact-title-among-candidates,not applicable,Outer-fold out-of-fold prediction; molecule and its chemical group were absent from that fit.,Not available in the locked DILIrank source; no post hoc class was inferred.
LT01064,Bexarotene,vMost-DILI-concern,scaffold:C=C(c1ccccc1)c1ccc2c(c1)CCCC2,D,0.7712104717765402,0.7118289983884382,1,0,5,0.692572174945815,0.5885437676117082,0,0.2,0.0,none,rules-applied-pending-independent-review,exact-name,exact-title-among-candidates,not applicable,Outer-fold out-of-fold prediction; molecule and its chemical group were absent from that fit.,Not available in the locked DILIrank source; no post hoc class was inferred.
LT01870,Falnidamol,vMost-DILI-concern,scaffold:c1ccc(Nc2ncnc3cnc(NC4CCNCC4)nc23)cc1,D,0.7754764900266509,0.6986371496291603,1,0,5,0.6218902012709989,0.556174661174584,0,0.2,0.0,none,rules-applied-pending-independent-review,exact-name,exact-title-among-candidates,not applicable,Outer-fold out-of-fold prediction; molecule and its chemical group were absent from that fit.,Not available in the locked DILIrank source; no post hoc class was inferred.
LT01637,Papaverine hydrochloride,vMost-DILI-concern,scaffold:c1ccc(Cc2nccc3ccccc23)cc1,D,0.7781385137901514,0.5992903685311862,1,1,5,0.7095175572308495,0.5732025590273749,0,0.2,0.2,PUBCHEM_ACTIVE_MOIETY_EQUIVALENCE_CONFIRMED,rules-applied-pending-independent-review,exact-name,exact-title-among-candidates,compound-name-suffix-resolved-to-unique-or-exact-PubChem-active,Outer-fold out-of-fold prediction; molecule and its chemical group were absent from that fit.,Not available in the locked DILIrank source; no post hoc class was inferred.
LT01594,Nialamide,vMost-DILI-concern,scaffold:O=C(CCNNC(=O)c1ccncc1)NCc1ccccc1,D,0.7805333254612079,0.6959703809651897,1,0,5,0.6691374372768898,0.5534280578892351,0,0.2,0.0,none,rules-applied-pending-independent-review,exact-name,exact-title-among-candidates,not applicable,Outer-fold out-of-fold prediction; molecule and its chemical group were absent from that fit.,Not available in the locked DILIrank source; no post hoc class was inferred.
LT00258,Atorvastatin calcium,vMost-DILI-concern,scaffold:O=C(Nc1ccccc1)c1c[nH]c(-c2ccccc2)c1-c1ccccc1,B,0.7818632670484091,0.7049871609454128,1,0,5,0.7128523153591303,0.6669608008586863,0,0.2,0.0,MANUAL_ACTIVE_MOIETY_OVERRIDE,rules-applied-pending-independent-review,exact-name,exact-title-among-candidates,Calcium is the counterion; PubChem CID 60823 is the named active moiety.,Outer-fold out-of-fold prediction; molecule and its chemical group were absent from that fit.,Not available in the locked DILIrank source; no post hoc class was inferred.
LT02035,Duloxetine hydrochloride,vMost-DILI-concern,scaffold:c1csc(COc2cccc3ccccc23)c1,B,0.7843810877552375,0.7227476305182143,1,0,5,0.6925837793249284,0.6580984147109806,0,0.2,0.0,PUBCHEM_ACTIVE_MOIETY_EQUIVALENCE_CONFIRMED,rules-applied-pending-independent-review,exact-name,exact-title-among-candidates,compound-name-suffix-resolved-to-unique-or-exact-PubChem-active,Outer-fold out-of-fold prediction; molecule and its chemical group were absent from that fit.,Not available in the locked DILIrank source; no post hoc class was inferred.
LT00163,Zidovudine,vMost-DILI-concern,scaffold:O=c1ccn(C2CCCO2)c(=O)[nH]1,A,0.7910125273512103,0.6925478236216903,1,0,5,0.6994387822445833,0.6453959989983054,0,0.2,0.0,none,rules-applied-pending-independent-review,exact-name,exact-title-among-candidates,not applicable,Outer-fold out-of-fold prediction; molecule and its chemical group were absent from that fit.,Not available in the locked DILIrank source; no post hoc class was inferred.
LT00101,Flutamide,vMost-DILI-concern,scaffold:c1ccccc1,D,0.8134022198951175,0.7465499213673,1,0,5,0.6662180166175714,0.5505540108303971,0,0.2,0.0,none,rules-applied-pending-independent-review,exact-name,exact-title-among-candidates,not applicable,Outer-fold out-of-fold prediction; molecule and its chemical group were absent from that fit.,Not available in the locked DILIrank source; no post hoc class was inferred.
LT01318,Droxicam,vMost-DILI-concern,scaffold:O=c1oc2c(c(=O)n1-c1ccccn1)NS(=O)(=O)c1ccccc1-2,B,0.8219631715971378,0.7555183488340589,1,0,5,0.6863381825422119,0.6556826911400508,0,0.2,0.0,none,rules-applied-pending-independent-review,exact-name,exact-title-among-candidates,not applicable,Outer-fold out-of-fold prediction; molecule and its chemical group were absent from that fit.,Not available in the locked DILIrank source; no post hoc class was inferred.
